,status,duration,amount,savings,employment_duration,installment_rate,present_residence,age,number_credits,credit_risk,credit_history_critical account/other credits elsewhere,credit_history_delay in paying off in the past,credit_history_existing credits paid back duly till now,credit_history_no credits taken/all credits paid back duly,purpose_car (new),purpose_car (used),purpose_domestic appliances,purpose_furniture/equipment,purpose_others,purpose_radio/television,purpose_repairs,purpose_retraining,purpose_vacation,personal_status_sex_female : single,personal_status_sex_male : divorced/separated,personal_status_sex_male : married/widowed,property_car or other,property_real estate,property_unknown/no property,telephone_yes (under customer name)
0,1,18,1049,1,2,1,4,21,1,1,0,0,0,0,0,1,0,0,0,0,0,0,0,0,0,0,1,0,0,0
1,1,9,2799,1,3,3,2,36,2,1,0,0,0,0,0,0,0,0,1,0,0,0,0,0,0,1,0,0,1,0
2,2,12,841,2,4,3,4,23,1,1,0,0,0,1,0,0,0,0,0,0,0,1,0,0,0,0,0,0,1,0
3,1,12,2122,1,3,2,2,39,2,1,0,0,0,0,0,0,0,0,1,0,0,0,0,0,0,1,0,0,1,0
4,1,12,2171,1,3,1,4,38,2,1,0,0,0,0,0,0,0,0,1,0,0,0,0,0,0,1,1,0,0,0
5,1,10,2241,1,2,4,3,48,2,1,0,0,0,0,0,0,0,0,1,0,0,0,0,0,0,1,0,0,1,0
6,1,8,3398,1,4,4,4,39,2,1,0,0,0,0,0,0,0,0,1,0,0,0,0,0,0,1,0,0,1,0
7,1,6,1361,1,2,3,4,40,1,1,0,0,0,0,0,0,0,0,1,0,0,0,0,0,0,1,0,0,1,0
8,4,18,1098,1,1,1,4,65,2,1,0,0,0,0,0,0,0,1,0,0,0,0,0,0,0,0,0,0,0,0
9,2,24,3758,3,1,4,4,23,1,1,0,0,0,1,0,0,0,1,0,0,0,0,0,0,0,0,0,1,0,0
10,1,11,3905,1,3,3,2,36,2,1,0,0,0,0,0,0,0,0,1,0,0,0,0,0,0,1,0,0,1,0
11,1,30,6187,2,4,4,4,24,2,1,0,0,0,0,1,0,0,0,0,0,0,0,0,1,0,0,0,0,0,0
12,1,6,1957,1,4,4,4,31,1,1,0,0,0,0,0,0,0,1,0,0,0,0,0,0,0,0,0,0,0,0
13,2,48,7582,2,1,3,4,31,1,1,0,0,1,0,0,0,0,0,0,0,0,0,0,0,0,1,0,1,0,1
14,1,18,1936,5,4,3,4,23,2,1,0,0,0,1,0,0,0,1,0,0,0,0,0,1,0,0,0,0,0,0
15,1,6,2647,3,3,3,3,44,1,1,0,0,0,1,0,0,0,1,0,0,0,0,0,0,0,1,0,0,1,0
16,1,11,3939,1,3,4,2,40,2,1,0,0,0,0,0,0,0,0,1,0,0,0,0,0,0,1,0,0,1,0
17,2,18,3213,3,2,4,3,25,1,1,0,0,0,1,0,0,0,1,0,0,0,0,0,1,0,0,0,0,1,0
18,2,36,2337,1,5,1,4,36,1,1,0,0,0,0,0,0,0,1,0,0,0,0,0,0,0,1,0,0,1,0
19,4,11,7228,1,3,4,4,39,2,1,0,0,0,0,0,0,0,0,1,0,0,0,0,0,0,1,1,0,0,0
20,1,6,3676,1,3,4,3,37,3,1,0,0,0,0,0,0,0,0,1,0,0,0,0,0,0,1,0,0,1,0
21,2,12,3124,1,2,4,3,49,2,1,0,0,0,0,0,0,0,0,1,0,0,0,0,0,0,1,0,0,1,0
22,2,36,2384,1,2,1,1,33,1,0,0,0,0,1,0,0,1,0,0,0,0,0,0,0,0,1,0,1,0,0
23,2,12,1424,1,4,1,3,26,1,1,0,0,0,0,0,0,0,0,0,1,0,0,0,0,0,1,1,0,0,0
24,1,6,4716,5,2,4,3,44,2,1,0,0,0,0,0,0,0,0,1,0,0,0,0,0,0,1,0,0,1,0
25,2,11,4771,1,4,3,4,51,1,1,0,0,1,0,0,0,0,1,0,0,0,0,0,0,0,1,1,0,0,0
26,1,12,652,1,5,1,4,24,1,1,0,0,0,1,0,1,0,0,0,0,0,0,0,0,0,0,1,0,0,0
27,2,9,1154,1,5,3,4,37,3,1,0,0,0,0,0,0,0,1,0,0,0,0,0,0,0,1,0,0,1,0
28,4,15,3556,5,3,2,2,29,1,1,0,0,0,1,0,0,0,0,1,0,0,0,0,0,0,1,0,1,0,0
29,3,42,4796,1,5,1,4,56,1,1,0,0,0,0,1,0,0,0,0,0,0,0,0,0,0,1,0,1,0,0
30,3,30,3017,1,5,1,4,47,1,1,0,0,0,0,0,0,0,1,0,0,0,0,0,0,0,1,1,0,0,0
31,4,36,3535,1,4,1,4,37,2,1,0,0,0,0,0,0,0,0,1,0,0,0,0,0,0,1,0,0,0,1
32,4,36,6614,1,5,1,4,34,2,1,0,0,0,0,0,0,0,0,1,0,0,0,0,0,0,1,0,0,0,1
33,4,24,1376,3,4,1,1,28,1,1,0,0,0,1,0,0,0,1,0,0,0,0,0,0,0,0,0,0,0,0
34,1,15,1721,1,2,3,3,36,1,1,0,0,0,1,0,0,0,0,1,0,0,0,0,0,0,1,0,0,1,0
35,1,6,860,1,5,4,4,39,2,1,0,0,0,0,0,0,0,0,1,0,0,0,0,0,0,0,0,1,0,1
36,4,12,1495,1,5,1,1,38,2,1,0,0,0,0,0,0,0,0,1,0,0,0,0,0,0,1,0,0,1,0
37,4,12,1934,1,5,3,2,26,2,1,0,0,0,0,0,0,0,1,0,0,0,0,0,0,0,1,0,1,0,0
38,4,18,3378,5,3,3,1,31,1,1,0,0,0,1,1,0,0,0,0,0,0,0,0,0,0,1,1,0,0,1
39,4,24,3868,1,5,1,2,41,2,1,0,0,0,0,1,0,0,0,0,0,0,0,0,0,0,0,0,0,0,1
40,4,12,996,5,4,1,4,23,2,1,0,0,0,0,0,0,1,0,0,0,0,0,0,0,0,0,0,0,1,0
41,1,24,1755,1,5,1,4,58,1,1,0,0,0,1,0,0,0,0,0,0,0,0,0,0,0,0,0,0,1,1
42,4,18,1028,1,3,1,3,36,2,1,0,0,0,0,0,0,0,0,1,0,0,0,0,0,0,0,0,0,1,0
43,2,24,2825,5,4,1,3,34,2,1,0,0,0,0,0,0,0,0,0,0,0,1,0,0,0,1,0,1,0,1
44,2,18,1239,5,3,1,4,61,1,1,0,0,0,1,0,0,0,0,0,0,1,0,0,0,0,1,0,1,0,0
45,1,18,1216,1,2,1,3,23,1,0,0,0,0,1,0,0,0,0,1,0,0,0,0,0,0,0,0,0,0,1
46,4,24,1258,1,4,1,1,25,1,1,0,0,0,1,0,0,0,0,0,0,0,1,0,0,0,1,0,0,1,1
47,4,18,1864,2,3,1,2,30,2,0,0,0,0,0,0,0,0,0,0,0,1,0,0,0,0,0,0,0,1,0
48,4,24,1474,2,2,1,3,33,1,1,0,0,0,1,0,0,0,0,1,0,0,0,0,1,0,0,0,0,1,1
49,1,24,1382,2,4,1,1,26,2,1,0,0,0,0,0,0,0,0,0,0,0,1,0,0,0,1,0,0,1,1
50,4,12,640,1,3,1,2,49,1,1,0,0,0,1,0,0,0,0,1,0,0,0,0,0,1,0,0,0,1,0
51,3,36,3919,1,3,3,2,23,1,1,0,0,0,1,0,0,0,1,0,0,0,0,0,0,0,1,0,0,1,1
52,4,9,1224,1,3,2,1,30,2,1,0,0,0,0,0,0,0,0,1,0,0,0,0,0,0,1,0,0,1,0
53,4,12,2331,5,5,4,4,49,1,1,0,0,0,0,0,0,0,1,0,0,0,0,0,0,0,1,0,0,1,1
54,4,24,6313,5,5,2,4,41,1,1,0,0,0,1,1,0,0,0,0,0,0,0,0,0,0,1,0,0,0,1
55,1,12,385,1,4,1,3,58,4,1,0,0,0,0,0,0,0,1,0,0,0,0,0,0,0,0,0,0,1,1
56,4,12,1655,1,5,3,4,63,2,1,0,0,0,0,0,0,0,1,0,0,0,0,0,0,0,1,0,0,1,1
57,1,15,1053,1,2,1,2,27,1,1,0,0,0,1,0,0,0,1,0,0,0,0,0,1,0,0,0,0,1,0
58,4,21,3160,5,5,1,3,41,1,1,0,0,0,1,0,0,0,1,0,0,0,0,0,0,0,1,1,0,0,1
59,4,36,3079,5,3,1,4,36,1,1,0,0,0,1,0,0,0,0,1,0,0,0,0,0,0,1,0,0,1,0
60,4,12,1163,3,3,1,4,44,1,1,0,0,0,0,0,0,0,0,1,0,0,0,0,0,0,1,0,0,1,1
61,4,24,2679,1,2,1,1,29,1,1,0,0,0,1,1,0,0,0,0,0,0,0,0,0,0,0,0,1,0,1
62,4,48,3578,5,5,1,1,47,1,1,0,0,0,0,0,0,0,1,0,0,0,0,0,0,0,1,0,0,1,1
63,4,36,10875,1,5,3,2,45,2,1,0,0,1,0,0,0,0,0,1,0,0,0,0,0,0,1,0,0,0,1
64,1,12,1344,1,3,1,2,43,2,1,0,0,1,0,0,0,0,0,1,0,0,0,0,0,0,1,0,0,1,0
65,4,6,1237,2,3,4,1,27,2,1,0,0,0,0,0,0,0,1,0,0,0,0,0,0,0,0,1,0,0,0
66,4,12,3077,1,3,3,4,52,1,1,0,0,0,1,0,0,0,1,0,0,0,0,0,0,0,1,0,0,0,1
67,4,24,2284,1,4,1,2,28,1,1,0,0,0,1,0,0,0,1,0,0,0,0,0,0,0,1,0,0,0,1
68,2,12,1567,1,3,4,1,22,1,1,0,0,0,1,0,0,0,1,0,0,0,0,0,0,0,0,0,0,0,1
69,4,24,2032,1,5,1,4,60,2,1,0,0,1,0,0,0,0,0,1,0,0,0,0,0,0,1,0,1,0,1
70,2,21,2745,4,4,2,2,32,2,1,0,0,0,0,0,1,0,0,0,0,0,0,0,0,0,1,0,0,0,1
71,4,30,1867,5,5,1,4,58,1,1,0,0,0,1,0,0,0,1,0,0,0,0,0,0,0,1,0,0,0,1
72,4,36,2299,3,5,1,4,39,1,1,0,0,0,1,0,0,0,1,0,0,0,0,0,0,0,1,0,0,0,0
73,4,24,929,5,4,1,2,31,1,1,0,0,0,1,0,1,0,0,0,0,0,0,0,0,0,1,0,0,0,1
74,3,12,3399,5,5,3,3,37,1,1,0,0,0,1,0,0,0,1,0,0,0,0,0,0,0,1,0,0,0,0
75,2,9,2030,5,4,3,1,24,1,1,0,0,0,1,0,1,0,0,0,0,0,0,0,0,0,1,0,0,0,1
76,4,21,3275,1,5,4,4,36,1,1,0,0,0,0,1,0,0,0,0,0,0,0,0,0,0,1,0,0,0,1
77,4,24,1940,4,5,1,4,60,1,1,0,0,0,0,0,0,0,0,1,0,0,0,0,0,0,1,0,0,1,1
78,1,21,1602,1,5,1,3,30,2,1,0,0,0,0,0,0,0,0,1,0,0,0,0,1,0,0,0,0,0,1
79,4,15,1979,5,5,1,2,35,1,1,0,0,0,1,0,0,0,1,0,0,0,0,0,0,0,1,0,0,0,0
80,4,24,2022,1,3,1,4,37,1,1,0,0,0,0,0,0,0,0,1,0,0,0,0,0,0,0,0,0,0,1
81,4,36,3342,5,5,1,2,51,1,1,0,0,0,0,0,0,0,1,0,0,0,0,0,0,0,1,0,0,0,1
82,2,18,5866,2,3,3,2,30,2,1,0,0,0,1,0,0,0,0,1,0,0,0,0,0,0,1,0,0,0,1
83,3,15,2360,3,3,3,2,36,1,1,0,0,0,0,1,0,0,0,0,0,0,0,0,0,0,1,0,0,0,1
84,4,15,1520,5,5,1,4,63,1,1,0,0,0,0,0,1,0,0,0,0,0,0,0,0,0,1,1,0,0,0
85,1,12,3651,4,3,4,3,31,1,1,0,0,0,1,0,0,0,0,1,0,0,0,0,0,0,1,1,0,0,0
86,4,24,2346,1,4,1,3,35,2,1,0,0,0,0,1,0,0,0,0,0,0,0,0,0,0,1,0,0,0,1
87,4,36,4454,1,3,1,4,34,2,1,0,0,1,0,0,0,0,1,0,0,0,0,0,0,0,0,0,0,1,0
88,1,6,666,4,4,2,4,39,2,1,0,0,0,0,0,0,0,0,1,0,0,0,0,0,0,0,0,0,1,1
89,2,24,1965,5,3,1,4,42,2,1,0,0,1,0,0,0,0,0,1,0,0,0,0,0,0,0,0,0,0,1
90,2,12,1995,2,2,1,1,27,1,1,0,0,0,0,0,0,0,0,1,0,0,0,0,0,0,1,0,0,0,0
91,2,30,2991,5,5,3,4,25,1,1,0,0,0,1,0,0,0,1,0,0,0,0,0,0,0,0,0,0,0,0
92,2,30,4221,1,3,3,1,28,2,1,0,1,0,0,0,0,0,0,0,0,0,1,0,0,0,0,0,0,0,0
93,1,9,1364,1,4,2,4,59,1,1,0,0,0,1,0,0,0,1,0,0,0,0,0,0,0,1,0,0,1,0
94,2,18,6361,1,5,3,1,41,1,1,0,0,0,0,0,1,0,0,0,0,0,0,0,0,0,1,0,1,0,1
95,4,27,4526,4,2,1,2,32,2,1,0,0,0,0,0,1,0,0,0,0,0,0,0,0,0,1,0,0,1,1
96,2,12,3573,1,3,4,1,23,1,1,0,0,0,0,0,0,0,1,0,0,0,0,0,0,0,0,0,0,1,0
97,2,36,4455,1,3,3,2,30,2,0,0,0,1,0,0,0,0,0,0,0,0,1,0,0,1,0,0,0,1,1
98,1,9,2136,1,3,2,2,25,1,1,0,0,0,1,0,1,0,0,0,0,0,0,0,0,0,1,0,0,1,0
99,2,42,5954,1,4,3,1,41,2,1,0,0,0,0,0,0,0,0,0,0,0,1,0,0,0,0,0,0,1,0
100,4,24,3777,4,3,1,4,40,1,1,0,0,0,0,0,1,0,0,0,0,0,0,0,0,0,1,0,0,1,1
101,1,15,806,1,3,1,4,22,1,1,0,0,0,1,0,0,0,0,0,0,0,1,0,0,0,0,1,0,0,0
102,2,24,4712,5,3,1,2,34,2,1,0,0,1,0,0,0,0,0,0,0,0,1,0,0,0,1,1,0,0,1
103,2,36,7432,1,3,3,2,54,1,1,0,0,1,0,0,0,0,0,1,0,0,0,0,0,0,0,1,0,0,0
104,4,24,1851,1,4,1,2,33,2,1,0,0,0,0,0,0,0,1,0,0,0,0,0,1,0,0,0,0,0,1
105,4,24,1393,1,3,3,2,31,1,1,0,0,0,1,0,0,0,0,1,0,0,0,0,0,0,1,0,0,1,1
106,4,12,1412,1,3,1,2,29,2,1,0,0,0,0,0,0,0,0,0,0,0,1,0,0,0,0,0,0,1,1
107,4,18,1473,1,2,2,4,39,1,1,0,0,0,1,0,0,0,1,0,0,0,0,0,1,0,0,0,0,1,1
108,4,24,1533,1,2,1,3,38,1,1,0,0,0,1,0,0,0,1,0,0,0,0,0,0,0,0,0,0,0,1
109,4,12,2012,5,4,1,2,61,1,1,0,0,0,0,0,0,0,0,0,0,1,0,0,0,0,0,0,0,0,0
110,1,15,3959,1,3,2,2,29,1,0,0,0,0,1,0,0,0,0,1,0,0,0,0,0,0,0,1,0,0,1
111,1,6,428,1,5,3,1,49,1,1,0,0,0,1,0,1,0,0,0,0,0,0,0,0,0,0,1,0,0,1
112,2,12,2366,3,4,2,3,36,1,1,0,0,0,0,0,0,0,0,1,0,0,0,0,0,1,0,0,0,0,1
113,4,12,763,1,3,1,1,26,1,1,0,0,0,1,0,1,0,0,0,0,0,0,0,0,0,0,0,0,1,1
114,2,21,3976,5,4,3,3,35,1,1,0,0,0,1,0,1,0,0,0,0,0,0,0,0,0,1,0,0,0,1
115,2,18,6260,1,4,2,3,28,1,1,0,0,0,1,0,0,0,0,1,0,0,0,0,0,0,1,0,0,1,0
116,2,9,1919,1,4,1,3,35,1,1,0,0,0,0,0,1,0,0,0,0,0,0,0,0,0,1,0,0,0,1
117,4,24,2603,4,3,3,4,28,1,1,0,0,0,1,1,0,0,0,0,0,0,0,0,0,0,0,0,0,0,1
118,4,9,936,3,5,1,2,52,2,1,0,0,0,0,0,0,0,0,0,0,1,0,0,0,0,1,0,0,0,1
119,4,24,3062,3,5,1,3,32,1,1,0,0,0,1,0,1,0,0,0,0,0,0,0,0,0,1,0,1,0,1
120,2,36,4795,1,2,1,1,30,1,1,0,0,0,1,0,0,0,1,0,0,0,0,0,0,0,0,0,1,0,1
121,4,36,5842,1,5,3,2,35,2,1,0,0,0,0,1,0,0,0,0,0,0,0,0,0,0,1,1,0,0,1
122,2,6,2063,1,2,1,3,30,1,1,0,0,0,1,0,0,0,1,0,0,0,0,0,1,0,0,0,0,0,1
123,4,15,1459,1,3,1,2,43,1,1,0,0,0,0,0,0,0,1,0,0,0,0,0,0,0,0,0,0,0,0
124,4,15,1213,3,5,1,3,47,1,1,0,0,0,1,0,0,0,1,0,0,0,0,0,0,0,1,1,0,0,1
125,4,24,5103,1,2,2,3,47,3,1,0,0,0,0,0,0,0,1,0,0,0,0,0,1,0,0,0,1,0,1
126,4,15,874,5,2,1,1,24,1,1,0,0,0,1,0,0,0,0,0,1,0,0,0,0,0,0,0,0,1,0
127,4,6,2978,3,3,4,2,32,1,1,0,0,0,1,0,1,0,0,0,0,0,0,0,0,0,1,0,0,0,1
128,4,18,1820,1,3,3,2,30,1,1,0,0,0,1,0,0,0,0,1,0,0,0,0,1,0,0,1,0,0,1
129,4,24,2872,2,5,2,4,36,1,1,0,0,0,0,0,0,0,1,0,0,0,0,0,0,0,1,0,0,1,1
130,3,24,1925,1,3,3,2,26,1,1,0,0,0,1,0,1,0,0,0,0,0,0,0,0,0,1,0,0,1,0
131,4,18,2515,1,3,2,4,43,1,1,0,0,0,1,0,1,0,0,0,0,0,0,0,0,0,1,0,0,1,1
132,3,6,2116,1,3,3,2,41,1,1,0,0,0,1,0,1,0,0,0,0,0,0,0,0,0,1,0,0,1,1
133,4,18,1453,1,2,2,1,26,1,1,0,0,0,1,0,0,0,1,0,0,0,0,0,0,0,0,0,0,1,0
134,4,10,1364,1,3,3,4,64,1,1,0,0,0,1,0,0,0,0,1,0,0,0,0,0,0,0,0,0,0,1
135,4,6,1543,4,3,1,2,33,1,1,0,0,0,1,0,1,0,0,0,0,0,0,0,0,1,0,0,0,1,0
136,2,12,1318,4,5,1,4,54,1,1,0,0,0,1,0,0,0,0,1,0,0,0,0,0,0,1,0,0,1,1
137,1,24,2325,2,4,3,3,32,1,1,1,0,0,0,0,0,0,0,1,0,0,0,0,0,0,1,0,0,0,0
138,2,6,932,5,4,4,3,39,2,1,0,0,0,0,0,0,0,0,0,0,0,0,1,0,0,0,1,0,0,0
139,3,24,3148,5,3,2,2,31,2,1,0,0,0,0,0,0,0,1,0,0,0,0,0,0,0,1,0,0,0,1
140,4,36,3835,5,5,3,4,45,1,1,0,0,0,1,0,0,0,1,0,0,0,0,0,0,0,0,0,0,1,1
141,4,9,3832,5,5,4,4,64,1,1,0,0,0,1,0,0,0,0,0,0,1,0,0,0,0,1,0,0,1,0
142,2,24,5084,5,5,3,4,42,1,1,0,0,0,1,0,0,0,1,0,0,0,0,0,0,0,0,0,0,0,1
143,4,9,2406,1,1,3,3,31,1,1,0,0,0,0,0,1,0,0,0,0,0,0,0,0,0,1,0,0,0,0
144,4,36,2394,5,3,1,4,25,1,1,0,0,0,1,0,0,0,1,0,0,0,0,0,0,0,0,0,0,0,0
145,4,21,2476,5,5,1,4,46,1,1,0,0,0,1,1,0,0,0,0,0,0,0,0,0,0,1,0,0,1,1
146,1,24,2964,5,5,1,4,49,1,1,0,0,0,1,1,0,0,0,0,0,0,0,0,0,0,1,0,1,0,1
147,1,12,1262,5,5,3,4,49,1,1,0,0,0,1,0,1,0,0,0,0,0,0,0,0,1,0,1,0,0,1
148,4,12,1542,1,4,3,4,36,1,1,0,0,0,1,0,0,0,0,0,0,0,1,0,0,0,1,0,0,0,1
149,2,24,1743,1,5,1,2,48,2,1,0,0,0,0,0,0,0,1,0,0,0,0,0,0,0,1,1,0,0,0
150,3,12,409,4,3,2,3,42,2,1,1,0,0,0,0,0,0,1,0,0,0,0,0,0,0,0,0,0,1,0
151,4,12,2171,1,2,3,2,29,1,1,0,0,0,1,0,0,0,1,0,0,0,0,0,0,0,0,0,0,0,0
152,4,48,8858,5,4,3,1,35,2,1,0,0,0,0,1,0,0,0,0,0,0,0,0,0,0,1,0,1,0,1
153,2,24,3512,2,4,3,3,38,2,1,0,0,0,1,0,0,0,0,1,0,0,0,0,0,0,1,0,0,0,1
154,2,12,1158,3,3,2,1,26,1,1,0,0,0,1,0,0,0,1,0,0,0,0,0,0,1,0,0,0,0,1
155,4,24,2684,1,3,1,2,35,2,1,0,0,0,0,0,0,0,1,0,0,0,0,0,0,0,1,0,0,1,0
156,1,12,1498,1,3,1,1,23,1,1,0,0,0,1,0,0,0,1,0,0,0,0,0,0,0,0,0,0,0,0
157,4,30,5954,1,4,2,2,38,1,1,0,0,0,0,0,0,0,1,0,0,0,0,0,0,0,1,0,0,0,0
158,2,48,6416,1,5,1,3,59,1,0,1,0,0,0,0,0,0,0,0,0,0,1,0,0,0,0,0,1,0,0
159,2,12,3617,1,5,4,4,28,3,1,0,0,0,0,0,1,0,0,0,0,0,0,0,0,0,1,0,0,0,1
160,4,12,1291,1,3,1,2,35,2,1,0,0,0,0,0,0,0,1,0,0,0,0,0,0,0,0,1,0,0,0
161,3,24,1275,4,3,3,4,36,2,1,0,0,0,0,0,0,0,0,0,0,0,1,0,0,1,0,0,0,1,1
162,4,24,3972,1,4,3,4,25,1,1,0,0,0,1,0,1,0,0,0,0,0,0,0,0,0,0,1,0,0,1
163,4,15,3343,1,3,1,2,28,1,1,0,0,0,0,0,1,0,0,0,0,0,0,0,0,0,1,0,1,0,1
164,3,15,392,1,2,1,4,23,1,1,0,0,0,1,0,0,0,0,0,0,1,0,0,0,0,0,1,0,0,1
165,4,9,2134,1,3,1,4,48,3,1,0,0,0,0,0,0,0,0,1,0,0,0,0,0,0,1,0,0,0,1
166,4,30,5771,1,4,1,2,25,2,1,0,0,0,0,0,0,0,1,0,0,0,0,0,0,0,0,0,0,0,0
167,4,24,4526,1,3,2,2,74,1,1,0,0,0,0,0,0,0,0,0,0,0,1,0,0,0,1,0,0,1,1
168,4,15,2788,1,4,3,3,24,2,1,0,0,0,0,0,1,0,0,0,0,0,0,0,0,0,0,0,0,0,0
169,4,6,1382,1,3,4,1,28,2,1,0,0,0,0,0,0,0,1,0,0,0,0,0,0,0,0,0,0,0,1
170,3,36,5848,1,3,1,1,24,1,1,0,0,0,1,0,0,0,1,0,0,0,0,0,0,0,1,0,0,0,0
171,1,12,1228,1,3,1,2,24,1,0,0,0,0,1,0,0,0,0,1,0,0,0,0,0,0,0,0,0,1,0
172,3,12,1297,1,3,2,4,23,1,1,0,0,0,1,0,0,0,1,0,0,0,0,0,1,0,0,0,0,1,0
173,4,24,1552,1,4,2,1,32,1,1,0,0,0,1,0,0,0,1,0,0,0,0,0,0,0,1,0,0,0,0
174,4,12,1963,1,4,1,2,31,2,1,0,0,0,1,0,0,0,1,0,0,0,0,0,0,0,1,0,0,0,1
175,4,24,3235,3,5,2,2,36,1,1,0,0,0,1,0,0,0,1,0,0,0,0,0,0,1,0,0,0,0,1
176,4,24,4139,2,3,2,3,27,2,1,0,0,0,0,0,0,0,0,0,0,0,1,0,0,0,1,1,0,0,1
177,2,12,1804,2,2,2,4,44,1,1,0,0,0,0,1,0,0,0,0,0,0,0,0,0,0,1,1,0,0,0
178,4,18,1950,1,4,1,1,34,2,1,0,0,0,1,0,0,0,0,0,0,0,1,0,0,0,1,0,0,0,1
179,4,48,12749,3,4,1,1,37,1,1,0,0,1,0,0,0,0,1,0,0,0,0,0,0,0,1,0,0,0,1
180,4,9,1236,1,2,4,4,23,1,1,0,0,0,1,0,0,0,0,0,1,0,0,0,0,0,0,0,0,1,1
181,4,18,1055,1,2,1,1,30,2,1,0,0,0,0,0,0,0,0,1,0,0,0,0,0,0,0,1,0,0,0
182,1,30,8072,5,2,3,3,25,3,1,0,1,0,0,0,0,0,0,0,0,0,1,0,0,0,1,0,0,0,0
183,4,30,2831,1,3,1,2,33,1,1,0,0,0,0,0,0,0,1,0,0,0,0,0,0,0,0,0,0,0,1
184,4,9,1449,1,4,2,2,27,2,1,0,0,0,1,0,0,0,0,0,0,0,1,0,0,0,0,0,0,0,0
185,4,36,5742,2,4,3,2,31,2,1,0,0,0,1,0,0,0,0,0,0,0,1,0,0,0,1,0,0,0,1
186,4,12,2390,5,5,1,3,50,1,1,0,0,0,1,0,0,0,0,1,0,0,0,0,0,0,1,0,0,0,1
187,4,24,3430,3,5,2,2,31,1,1,0,0,0,1,0,0,0,1,0,0,0,0,0,0,0,1,0,0,0,1
188,2,36,2273,1,4,2,1,32,2,1,0,0,0,1,0,0,0,0,0,0,1,0,0,0,0,1,0,0,0,0
189,3,21,2923,2,3,4,1,28,1,1,0,0,0,1,0,0,0,0,1,0,0,0,0,0,0,0,0,0,0,1
190,4,24,1901,2,3,1,4,29,1,1,0,0,0,1,0,0,0,1,0,0,0,0,0,0,0,1,0,0,0,1
191,2,36,3711,5,3,3,2,27,1,1,0,0,0,1,0,0,0,0,0,0,1,0,0,1,0,0,0,0,0,0
192,2,48,8487,5,4,4,2,24,1,1,0,0,0,1,0,0,0,0,1,0,0,0,0,0,0,0,0,0,0,0
193,4,24,2255,5,2,1,1,54,1,1,0,0,0,1,0,0,0,0,1,0,0,0,0,0,0,1,1,0,0,0
194,4,12,1262,1,3,2,2,25,1,1,0,0,0,1,0,0,0,1,0,0,0,0,0,0,0,1,0,0,0,0
195,4,33,7253,1,4,2,2,35,2,1,0,0,0,0,1,0,0,0,0,0,0,0,0,0,0,1,0,0,0,1
196,4,6,6761,1,4,4,3,45,2,1,0,0,0,0,0,0,0,0,1,0,0,0,0,0,0,1,0,1,0,1
197,4,18,1817,1,3,1,2,28,2,1,0,0,0,0,0,1,0,0,0,0,0,0,0,0,0,0,0,1,0,0
198,4,12,2141,2,4,2,1,35,1,1,0,0,0,1,0,0,0,1,0,0,0,0,0,0,0,1,0,1,0,0
199,4,48,3609,1,3,4,1,27,1,1,1,0,0,0,0,0,0,0,0,0,0,1,0,0,0,0,0,0,1,0
200,4,30,2333,3,5,1,2,30,1,1,0,0,0,1,0,0,0,1,0,0,0,0,0,0,0,1,0,0,0,0
201,4,28,7824,5,2,2,4,40,2,1,1,0,0,0,1,0,0,0,0,0,0,0,0,0,0,1,0,0,1,1
202,3,18,1445,5,4,1,4,49,1,1,1,0,0,0,0,0,0,1,0,0,0,0,0,0,0,1,0,0,0,0
203,1,24,7721,5,2,4,2,30,1,1,0,0,0,1,0,1,0,0,0,0,0,0,0,0,0,0,1,0,0,1
204,1,21,3763,5,4,3,2,24,1,1,0,0,0,1,0,0,0,0,1,0,0,0,0,0,0,1,0,0,1,0
205,2,18,4439,1,5,4,1,33,1,1,0,0,0,1,0,0,0,0,0,0,0,1,0,0,0,1,0,0,1,1
206,1,12,1107,1,3,3,2,20,1,1,0,0,0,1,0,0,0,1,0,0,0,0,0,0,0,1,0,0,1,1
207,2,15,1444,5,2,1,1,23,1,1,0,0,0,1,0,0,0,1,0,0,0,0,0,0,0,1,1,0,0,0
208,2,48,12169,5,1,1,4,36,1,1,1,0,0,0,0,0,0,0,1,0,0,0,0,0,0,1,0,1,0,1
209,4,9,2753,2,5,2,4,35,1,1,0,0,0,1,0,0,0,1,0,0,0,0,0,0,0,1,0,0,0,1
210,3,4,1494,5,2,4,2,29,1,1,0,0,0,1,0,0,0,0,1,0,0,0,0,0,0,1,0,0,1,0
211,1,24,2828,3,3,1,4,22,1,1,1,0,0,0,0,1,0,0,0,0,0,0,0,0,0,1,0,0,1,1
212,1,24,2483,3,3,1,4,22,1,1,1,0,0,0,0,1,0,0,0,0,0,0,0,0,0,1,0,0,1,1
213,3,6,1299,1,3,4,1,74,3,1,0,0,0,0,0,0,0,0,1,0,0,0,0,0,0,1,0,0,1,0
214,2,9,1549,5,2,1,2,35,1,1,0,0,0,1,0,0,0,0,1,0,0,0,0,0,0,1,0,0,1,0
215,3,10,3949,1,2,4,1,37,1,1,0,0,0,1,0,0,0,0,1,0,0,0,0,0,0,1,1,0,0,0
216,4,10,2901,5,2,4,4,31,1,1,0,0,0,1,1,0,0,0,0,0,0,0,0,0,0,0,0,0,1,0
217,3,6,709,4,2,3,2,27,1,1,0,0,0,1,0,0,0,0,1,0,0,0,0,1,0,0,0,0,1,0
218,1,47,10722,1,2,4,1,35,1,1,0,0,0,1,0,0,0,0,1,0,0,0,0,0,0,0,0,0,1,1
219,4,10,1287,5,5,1,2,45,1,1,0,0,0,1,0,0,0,0,1,0,0,0,0,0,0,1,1,0,0,0
220,1,18,1940,1,2,2,4,36,1,1,1,0,0,0,0,0,0,1,0,0,0,0,0,0,0,1,0,1,0,1
221,3,30,3656,5,5,1,4,49,2,1,0,0,0,0,0,0,0,1,0,0,0,0,0,0,0,1,1,0,0,0
222,4,24,4679,1,4,2,3,35,2,1,0,0,1,0,1,0,0,0,0,0,0,0,0,0,0,1,0,0,0,1
223,4,27,8613,4,3,3,2,27,2,1,0,0,1,0,1,0,0,0,0,0,0,0,0,0,0,1,0,0,0,0
224,1,18,2659,4,3,1,2,28,1,1,0,0,0,1,0,1,0,0,0,0,0,0,0,0,0,1,0,0,0,0
225,4,24,1516,4,3,1,1,43,2,1,0,0,0,0,0,0,0,1,0,0,0,0,0,0,0,0,0,0,1,0
226,1,18,4380,2,3,2,4,35,1,1,0,0,0,1,0,0,0,0,1,0,0,0,0,0,0,1,0,0,0,1
227,4,14,802,1,3,1,2,27,2,1,0,0,1,0,0,0,0,0,1,0,0,0,0,0,0,1,0,0,0,0
228,4,21,1572,4,5,1,4,36,1,1,0,0,0,1,0,0,0,0,0,0,0,1,0,0,0,0,0,0,1,0
229,2,48,3566,2,4,1,2,30,1,1,1,0,0,0,0,0,0,0,0,0,0,1,0,0,0,1,0,0,0,0
230,4,24,1278,1,5,1,1,36,1,1,0,0,0,1,0,0,0,1,0,0,0,0,0,0,0,1,0,0,1,1
231,4,6,426,1,5,1,4,39,1,1,0,1,0,0,0,0,0,1,0,0,0,0,0,1,0,0,0,0,0,0
232,4,39,8588,2,5,1,2,45,1,1,0,0,0,1,1,0,0,0,0,0,0,0,0,0,0,1,0,0,0,1
233,1,30,3857,1,3,1,4,40,1,1,0,0,0,1,1,0,0,0,0,0,0,0,0,0,1,0,1,0,0,1
234,2,12,685,1,4,3,3,25,1,0,0,0,0,1,0,0,0,0,1,0,0,0,0,1,0,0,0,0,0,0
235,1,24,1603,1,5,1,4,55,1,1,0,0,0,1,0,0,0,1,0,0,0,0,0,0,0,0,0,0,0,0
236,4,21,2241,1,5,1,2,50,2,1,0,0,0,1,0,1,0,0,0,0,0,0,0,0,0,1,0,0,1,0
237,1,24,2384,1,5,1,4,64,1,1,0,0,0,1,0,0,0,1,0,0,0,0,0,0,0,1,0,0,1,0
238,4,4,601,1,2,4,3,23,1,1,0,0,0,1,0,1,0,0,0,0,0,0,0,0,0,0,0,0,1,0
239,4,39,2569,3,3,1,4,24,1,1,0,0,0,1,1,0,0,0,0,0,0,0,0,0,0,1,0,0,0,0
240,4,15,1316,3,3,3,2,47,2,1,0,0,0,0,0,0,0,1,0,0,0,0,0,1,0,0,1,0,0,0
241,4,60,10366,1,5,3,4,42,1,1,0,0,0,1,0,0,0,0,1,0,0,0,0,0,0,1,1,0,0,1
242,4,18,1568,2,3,2,4,24,1,1,0,0,0,1,0,0,0,0,0,0,0,1,0,0,0,0,1,0,0,0
243,4,18,629,3,5,1,3,32,2,1,0,0,0,0,0,0,0,1,0,0,0,0,0,0,0,1,1,0,0,1
244,4,6,1750,3,5,3,4,45,1,1,1,0,0,0,0,0,0,1,0,0,0,0,0,0,0,1,1,0,0,0
245,4,24,3488,2,4,2,4,23,1,1,0,0,0,1,1,0,0,0,0,0,0,0,0,0,0,0,0,0,0,0
246,4,18,1800,1,3,1,2,24,2,1,0,0,0,0,0,0,0,1,0,0,0,0,0,0,0,1,0,0,0,0
247,4,24,4151,2,3,3,3,35,2,1,0,0,1,0,0,1,0,0,0,0,0,0,0,0,0,1,1,0,0,0
248,2,15,2631,2,3,2,2,25,1,1,0,0,0,1,0,0,1,0,0,0,0,0,0,0,0,0,0,0,1,0
249,4,21,5248,5,3,4,3,26,1,1,0,0,0,1,1,0,0,0,0,0,0,0,0,0,0,1,0,0,0,0
250,2,18,2899,5,5,1,4,43,1,1,0,0,1,0,0,0,0,0,1,0,0,0,0,0,0,1,0,0,0,0
251,2,18,6204,1,3,3,4,44,1,1,0,0,1,0,0,0,1,0,0,0,0,0,0,0,0,1,0,0,1,1
252,4,12,804,1,5,1,4,38,1,1,0,0,0,1,0,0,0,1,0,0,0,0,0,0,0,1,0,0,0,0
253,4,36,3595,1,5,1,2,28,1,1,0,0,0,1,0,0,0,1,0,0,0,0,0,0,0,1,0,0,0,0
254,4,36,5711,4,5,1,2,38,2,1,0,0,0,0,1,0,0,0,0,0,0,0,0,0,0,1,0,0,0,1
255,3,15,2687,1,4,3,4,26,1,1,0,0,0,1,0,0,0,0,0,0,0,1,0,0,0,1,1,0,0,1
256,1,15,3643,1,5,4,4,27,2,1,0,0,1,0,0,1,0,0,0,0,0,0,0,0,0,0,1,0,0,0
257,4,10,2146,1,2,4,3,23,2,1,0,0,0,0,0,1,0,0,0,0,0,0,0,0,0,0,0,0,1,0
258,1,10,2315,1,5,2,4,52,1,1,0,0,0,1,0,0,0,1,0,0,0,0,0,0,0,1,0,0,1,0
259,4,5,3448,1,4,4,4,74,1,1,0,0,0,1,0,0,0,0,0,0,0,1,0,0,0,1,0,0,1,0
260,4,15,2708,1,2,3,3,27,2,1,0,0,0,1,0,1,0,0,0,0,0,0,0,0,0,1,1,0,0,0
261,4,11,1393,1,2,1,4,35,2,1,0,0,0,0,0,0,0,0,1,0,0,0,0,0,0,0,0,0,0,0
262,3,10,1275,1,2,1,2,23,1,1,0,0,0,1,0,1,0,0,0,0,0,0,0,0,0,0,1,0,0,0
263,4,9,1313,1,5,4,4,20,1,1,0,0,0,1,0,1,0,0,0,0,0,0,0,0,0,1,0,0,0,0
264,4,12,1493,1,2,1,3,34,1,1,0,0,0,1,0,0,0,1,0,0,0,0,0,0,0,0,0,0,0,0
265,4,22,2675,3,5,2,4,40,1,1,0,0,0,1,0,0,0,1,0,0,0,0,0,0,0,1,0,0,0,0
266,2,9,2118,1,3,3,2,37,1,1,0,0,0,1,0,0,0,1,0,0,0,0,0,0,0,1,0,0,1,0
267,4,36,909,3,5,1,4,36,1,1,0,0,0,1,0,0,0,0,1,0,0,0,0,0,0,1,1,0,0,0
268,4,12,1258,1,2,3,4,22,2,1,0,0,0,0,0,1,0,0,0,0,0,0,0,0,0,0,1,0,0,0
269,4,15,1569,2,5,1,4,34,1,1,1,0,0,0,0,0,0,1,0,0,0,0,0,0,0,1,0,0,0,0
270,4,6,1236,3,3,3,4,50,1,1,0,0,0,1,1,0,0,0,0,0,0,0,0,0,0,1,1,0,0,0
271,4,36,7678,3,4,3,4,40,2,1,0,0,1,0,0,1,0,0,0,0,0,0,0,0,0,0,0,0,0,1
272,4,6,660,3,4,3,4,23,1,1,0,0,0,1,0,0,1,0,0,0,0,0,0,1,0,0,0,0,1,0
273,4,24,2835,3,5,2,4,53,1,1,0,0,0,1,0,1,0,0,0,0,0,0,0,0,0,1,1,0,0,0
274,4,24,2670,1,5,1,4,35,1,1,0,0,0,1,1,0,0,0,0,0,0,0,0,0,0,1,0,0,0,1
275,4,12,3447,3,3,1,3,35,1,1,1,0,0,0,0,0,0,0,0,0,0,0,1,0,0,0,0,0,1,0
276,4,15,3568,1,5,1,2,54,1,1,0,0,0,1,0,0,0,1,0,0,0,0,0,0,0,0,0,0,0,1
277,2,21,3652,1,4,3,3,27,2,1,0,0,0,0,0,0,0,0,0,0,0,1,0,0,0,1,1,0,0,0
278,1,24,3660,1,3,3,4,28,1,1,0,0,0,1,0,0,0,1,0,0,0,0,0,0,0,0,0,0,0,0
279,3,9,1126,2,5,3,4,49,1,1,0,0,0,1,0,0,0,1,0,0,0,0,0,0,1,0,0,0,1,0
280,3,6,683,1,2,3,1,29,1,1,0,0,1,0,0,0,0,1,0,0,0,0,0,0,0,0,1,0,0,0
281,3,12,2251,1,3,4,2,46,1,1,0,0,0,1,0,1,0,0,0,0,0,0,0,0,0,0,0,0,0,0
282,4,12,4675,5,2,4,4,20,1,1,0,0,0,1,1,0,0,0,0,0,0,0,0,0,0,0,0,0,0,0
283,2,21,2353,1,3,4,4,47,2,1,0,0,1,0,0,0,0,0,1,0,0,0,0,0,1,0,1,0,0,0
284,1,21,3357,4,2,1,2,29,1,1,0,0,0,1,0,0,0,1,0,0,0,0,0,0,0,0,0,0,0,0
285,4,6,672,1,1,4,4,54,1,1,0,0,0,1,0,0,0,0,1,0,0,0,0,0,0,0,0,0,1,1
286,1,6,338,3,5,1,4,52,2,1,0,0,0,0,0,0,0,1,0,0,0,0,0,0,0,1,0,0,0,0
287,4,9,2697,1,3,4,2,32,1,1,0,0,0,1,0,0,0,1,0,0,0,0,0,0,0,1,0,0,1,0
288,4,9,2507,3,5,3,4,51,1,1,0,0,0,1,0,0,0,0,1,0,0,0,0,0,0,1,0,1,0,0
289,4,15,1478,1,3,1,3,33,2,1,0,0,1,0,0,0,0,1,0,0,0,0,0,1,0,0,0,0,1,0
290,4,12,3565,5,2,3,1,37,2,1,0,0,0,0,0,0,0,0,0,0,1,0,0,0,0,1,1,0,0,0
291,4,15,2221,3,3,3,4,20,1,1,0,0,0,1,0,1,0,0,0,0,0,0,0,0,0,0,0,0,0,0
292,4,6,1898,5,3,4,2,34,2,1,0,0,0,0,0,0,0,1,0,0,0,0,0,0,0,1,0,0,1,0
293,2,6,1449,2,5,4,2,31,2,1,0,0,1,0,0,0,0,0,0,0,0,1,0,0,1,0,0,0,0,0
294,4,15,960,4,4,2,2,30,2,1,0,0,1,0,0,1,0,0,0,0,0,0,0,0,0,0,1,0,0,0
295,4,36,8133,1,3,4,2,30,1,1,0,0,0,1,1,0,0,0,0,0,0,0,0,0,0,0,1,0,0,0
296,4,9,2301,2,2,3,4,22,1,1,0,0,0,1,0,1,0,0,0,0,0,0,0,0,0,0,1,0,0,0
297,4,6,1743,2,3,4,2,34,2,1,0,0,1,0,0,0,0,0,0,0,0,1,0,0,0,1,0,0,1,0
298,2,12,983,4,2,4,4,19,1,1,0,0,0,1,0,1,0,0,0,0,0,0,0,0,0,0,0,0,1,0
299,4,18,2320,1,1,3,3,34,2,1,0,0,1,0,0,0,0,1,0,0,0,0,0,1,0,0,0,0,1,0
300,1,12,339,1,5,1,1,45,1,1,1,0,0,0,0,0,0,0,0,0,0,0,1,1,0,0,0,0,0,0
301,3,24,5152,1,4,1,2,25,1,1,0,0,0,1,0,0,0,1,0,0,0,0,0,0,0,1,0,0,0,0
302,3,24,3749,1,2,3,4,26,1,1,0,0,0,1,0,1,0,0,0,0,0,0,0,0,0,0,0,0,0,0
303,4,9,3074,5,3,4,2,33,2,1,0,0,0,0,0,0,0,1,0,0,0,0,0,0,0,1,0,0,1,0
304,3,9,745,1,3,2,2,28,1,0,0,0,0,1,0,0,0,1,0,0,0,0,0,0,0,0,0,0,1,0
305,4,24,1469,2,5,1,4,41,1,1,0,0,0,1,0,0,0,0,1,0,0,0,0,1,0,0,0,0,1,0
306,1,6,1374,1,3,4,2,36,1,1,0,0,0,1,0,1,0,0,0,0,0,0,0,0,0,1,0,0,1,1
307,4,6,783,5,3,4,2,26,1,1,1,0,0,0,0,0,0,0,1,0,0,0,0,0,0,1,0,0,1,0
308,1,21,2606,1,2,1,4,28,1,1,0,0,0,1,0,0,0,1,0,0,0,0,0,0,0,0,1,0,0,1
309,4,54,9436,5,3,3,2,39,1,1,0,1,0,0,1,0,0,0,0,0,0,0,0,0,0,1,1,0,0,0
310,4,12,930,5,5,1,4,65,4,1,0,0,0,0,0,0,0,1,0,0,0,0,0,0,0,1,0,0,1,0
311,4,48,2751,5,5,1,3,38,2,1,0,0,0,0,1,0,0,0,0,0,0,0,0,0,0,1,0,0,0,1
312,4,6,250,4,3,3,2,41,2,1,0,0,0,0,0,0,0,0,1,0,0,0,0,0,0,0,0,0,1,0
313,2,24,1201,1,2,1,1,26,1,1,0,0,0,1,0,0,0,0,1,0,0,0,0,0,0,1,1,0,0,0
314,1,6,662,1,2,2,4,41,1,1,0,0,0,1,0,0,0,0,1,0,0,0,0,0,0,1,0,0,1,1
315,4,15,1300,5,5,1,4,45,1,1,0,0,0,1,1,0,0,0,0,0,0,0,0,0,0,1,0,1,0,0
316,4,24,1559,1,4,1,4,40,1,1,1,0,0,0,0,0,0,0,0,0,0,1,0,0,0,1,0,0,0,1
317,3,12,3016,1,3,2,1,24,1,1,0,0,0,1,0,0,0,1,0,0,0,0,0,1,0,0,0,0,0,0
318,4,15,1360,1,3,1,2,31,2,1,0,0,0,0,0,0,0,1,0,0,0,0,0,0,0,1,1,0,0,0
319,4,6,1204,2,3,1,1,35,1,1,0,1,0,0,0,0,0,0,1,0,0,0,0,0,0,1,0,1,0,0
320,4,10,1597,3,3,2,2,40,1,1,0,0,0,1,0,0,0,0,1,0,0,0,0,0,0,1,0,1,0,0
321,4,12,2073,2,3,1,2,28,1,1,0,0,0,1,0,0,0,1,0,0,0,0,0,0,0,0,0,0,1,0
322,4,11,2142,4,5,4,2,28,1,1,0,0,0,1,0,0,0,0,0,0,0,1,0,0,1,0,0,0,1,1
323,1,10,2132,5,2,3,3,27,2,1,0,0,0,0,0,1,0,0,0,0,0,0,0,0,0,0,0,0,1,0
324,4,10,1546,1,3,2,2,31,1,1,0,0,0,1,0,0,0,0,1,0,0,0,0,0,0,1,0,0,1,0
325,4,24,1287,4,5,1,4,37,2,1,0,0,0,0,0,0,0,0,1,0,0,0,0,0,0,0,0,0,1,1
326,4,10,1418,2,3,2,2,35,1,1,0,0,0,1,0,0,0,0,1,0,0,0,0,0,0,1,0,0,1,0
327,3,6,1343,1,5,4,4,46,2,1,0,0,0,0,0,0,0,0,1,0,0,0,0,0,0,1,0,0,1,0
328,4,18,2662,5,4,1,3,32,1,1,0,0,0,1,0,0,0,0,1,0,0,0,0,0,0,1,1,0,0,0
329,4,18,6070,1,5,2,4,33,2,1,0,0,0,0,0,0,0,1,0,0,0,0,0,0,0,1,0,0,0,1
330,4,24,1927,5,3,2,2,33,2,1,0,0,0,0,0,0,0,0,0,0,1,0,0,0,0,0,0,0,0,1
331,4,18,2404,1,3,3,2,26,2,1,0,0,0,0,0,0,0,1,0,0,0,0,0,0,0,0,0,0,0,0
332,4,6,1554,1,4,4,2,24,2,1,0,0,0,0,0,0,0,1,0,0,0,0,0,0,0,0,0,0,0,1
333,4,22,1283,5,4,1,4,25,1,1,0,0,0,1,0,0,0,0,1,0,0,0,0,0,0,0,1,0,0,0
334,4,24,717,5,5,1,4,54,2,1,0,0,1,0,0,0,0,0,1,0,0,0,0,1,0,0,0,0,0,1
335,1,24,1747,1,2,1,1,24,1,1,0,0,0,1,0,1,0,0,0,0,0,0,0,0,0,1,1,0,0,0
336,1,9,1288,2,5,2,4,48,2,1,0,0,0,0,0,0,1,0,0,0,0,0,0,0,0,1,0,0,1,0
337,1,10,1038,1,4,1,3,49,2,1,0,0,0,0,0,0,0,0,1,0,0,0,0,0,0,1,1,0,0,1
338,4,10,2848,2,3,4,2,32,1,1,0,0,0,1,1,0,0,0,0,0,0,0,0,0,0,1,0,0,1,0
339,4,12,1413,4,4,2,2,55,1,1,0,0,0,1,1,0,0,0,0,0,0,0,0,0,0,1,1,0,0,0
340,4,30,3077,5,5,2,2,40,2,1,0,0,0,0,0,0,0,1,0,0,0,0,0,0,0,1,0,0,0,1
341,1,24,3632,1,3,4,4,22,1,1,1,0,0,0,1,0,0,0,0,0,0,0,0,0,0,0,0,0,0,0
342,4,18,3229,5,1,3,4,38,1,1,0,0,0,0,1,0,0,0,0,0,0,0,0,0,0,1,0,1,0,1
343,4,9,3577,2,3,4,2,26,1,1,0,0,0,1,0,0,0,0,1,0,0,0,0,0,0,1,0,0,1,0
344,4,12,682,2,4,1,3,51,2,1,0,0,0,0,0,0,0,0,1,0,0,0,0,0,0,0,0,0,0,1
345,4,10,1924,1,3,4,4,38,1,1,0,0,0,1,0,0,0,1,0,0,0,0,0,0,0,1,1,0,0,1
346,4,10,727,3,5,1,4,46,1,1,0,0,0,1,0,0,0,0,0,0,1,0,0,0,0,1,0,1,0,1
347,3,10,781,1,5,1,4,63,2,1,0,0,0,0,0,0,0,0,1,0,0,0,0,0,0,1,0,1,0,1
348,1,12,2121,1,3,1,2,30,2,1,0,0,0,0,0,0,0,0,1,0,0,0,0,0,0,1,1,0,0,0
349,4,12,701,1,3,1,2,32,2,1,0,0,0,0,0,0,0,0,0,0,1,0,0,0,0,1,0,0,0,0
350,4,10,2069,5,3,3,1,26,2,1,0,0,0,0,0,1,0,0,0,0,0,0,0,1,0,0,0,0,0,0
351,4,24,1525,4,4,1,3,34,1,1,0,0,0,1,0,0,0,0,1,0,0,0,0,0,0,0,0,0,0,1
352,4,48,7629,5,5,1,2,46,2,1,0,0,0,0,0,0,0,0,0,0,0,1,0,0,1,0,0,0,0,0
353,1,12,3499,1,3,2,2,29,2,0,0,0,0,0,0,0,0,0,1,0,0,0,0,0,0,0,0,0,1,0
354,4,6,1346,2,5,3,4,42,1,1,0,0,0,1,0,0,0,1,0,0,0,0,0,0,0,1,0,1,0,1
355,4,36,10477,5,5,3,4,42,2,1,0,0,0,0,1,0,0,0,0,0,0,0,0,0,0,1,0,1,0,0
356,1,24,2924,1,3,2,4,63,1,1,0,0,0,1,1,0,0,0,0,0,0,0,0,0,0,1,0,1,0,1
357,4,10,1231,1,5,2,4,32,2,1,0,0,0,0,0,0,0,0,1,0,0,0,0,0,0,1,0,0,1,0
358,3,18,1961,1,5,2,2,23,1,1,0,0,0,1,0,0,0,0,1,0,0,0,0,0,0,0,0,0,0,0
359,4,15,5045,5,5,4,4,59,1,1,0,0,0,0,0,0,0,0,1,0,0,0,0,0,0,0,0,0,0,1
360,4,12,1255,1,5,1,4,61,2,1,0,0,0,0,0,0,0,0,1,0,0,0,0,0,0,1,0,0,1,0
361,1,12,1858,1,2,1,1,22,1,1,0,0,0,1,0,1,0,0,0,0,0,0,0,0,0,0,0,0,0,0
362,4,6,1221,5,3,4,2,27,2,1,0,0,0,0,0,1,0,0,0,0,0,0,0,1,0,0,1,0,0,0
363,4,9,1388,1,3,1,2,26,1,1,0,0,0,1,0,1,0,0,0,0,0,0,0,0,0,0,0,0,1,0
364,4,12,2279,5,3,1,4,37,1,1,0,0,0,1,0,0,0,1,0,0,0,0,0,0,0,1,0,1,0,1
365,4,12,2759,1,5,3,4,34,2,1,0,1,0,0,0,1,0,0,0,0,0,0,0,0,0,1,1,0,0,0
366,3,24,1258,3,3,2,3,57,1,1,0,0,0,1,0,0,0,1,0,0,0,0,0,0,0,0,0,0,0,0
367,2,12,1410,1,3,3,2,31,1,1,0,1,0,0,0,0,0,0,0,0,0,0,1,0,0,1,0,0,1,1
368,1,15,1403,1,3,3,4,28,1,1,0,0,0,1,0,0,0,0,1,0,0,0,0,0,0,0,0,0,0,0
369,1,24,3021,1,3,3,2,24,1,1,0,0,0,1,0,1,0,0,0,0,0,0,0,0,1,0,0,0,1,0
370,1,24,6568,1,3,3,2,21,1,1,0,0,0,1,0,0,0,0,0,0,0,1,0,1,0,0,0,0,0,0
371,4,24,2578,4,5,3,2,34,1,1,0,0,0,0,0,0,0,1,0,0,0,0,0,0,0,1,0,0,0,0
372,2,24,7758,4,5,3,4,29,1,1,0,0,0,0,1,0,0,0,0,0,0,0,0,0,0,0,0,1,0,0
373,1,6,343,1,2,1,1,27,1,1,0,0,0,1,0,0,0,0,0,1,0,0,0,0,0,0,0,0,1,0
374,4,21,1591,2,4,1,3,34,2,1,0,0,1,0,0,1,0,0,0,0,0,0,0,0,0,1,0,0,1,0
375,1,27,3416,1,3,2,2,27,1,1,0,0,0,1,0,0,0,1,0,0,0,0,0,0,0,1,0,0,0,0
376,1,12,1108,1,4,1,3,28,2,0,0,1,0,0,0,0,1,0,0,0,0,0,0,0,0,1,0,0,1,0
377,2,27,5965,1,5,4,2,30,2,1,0,0,1,0,1,0,0,0,0,0,0,0,0,0,0,1,0,0,0,1
378,2,15,1514,2,3,1,2,22,1,1,0,0,0,1,0,0,1,0,0,0,0,0,0,0,0,1,0,0,1,0
379,4,30,6742,5,4,3,3,36,2,1,0,0,0,0,0,0,0,1,0,0,0,0,0,0,0,1,1,0,0,0
380,1,18,3650,1,2,4,4,22,1,1,0,0,0,1,0,1,0,0,0,0,0,0,0,0,0,0,0,0,0,0
381,1,21,3599,1,4,4,4,26,1,1,0,0,0,1,0,1,0,0,0,0,0,0,0,0,0,0,0,0,0,0
382,4,60,13756,5,5,3,4,63,1,1,0,0,0,0,0,0,0,0,1,0,0,0,0,0,0,1,0,1,0,1
383,2,9,276,1,3,1,4,22,1,1,0,0,0,1,0,0,0,0,1,0,0,0,0,1,0,0,0,0,1,0
384,4,42,4041,3,3,1,4,36,2,1,0,0,0,0,0,1,0,0,0,0,0,0,0,0,0,1,0,0,1,1
385,2,9,458,1,3,1,3,24,1,1,0,0,0,1,0,0,0,1,0,0,0,0,0,0,0,1,0,0,1,0
386,2,9,918,1,3,1,1,30,1,0,0,0,0,1,0,1,0,0,0,0,0,0,0,0,0,0,1,0,0,0
387,4,24,7393,1,3,4,4,43,1,1,0,0,0,1,0,0,0,0,1,0,0,0,0,0,0,1,1,0,0,0
388,3,10,1225,1,3,3,2,37,1,1,0,0,0,1,0,0,0,0,0,1,0,0,0,0,0,1,0,0,0,1
389,1,24,2812,5,5,3,4,26,1,1,0,0,0,1,1,0,0,0,0,0,0,0,0,0,0,0,0,0,1,0
390,4,15,3029,1,4,3,2,33,1,1,0,0,0,1,1,0,0,0,0,0,0,0,0,0,0,1,0,0,0,0
391,3,12,1480,3,1,3,4,66,3,1,0,0,0,0,0,0,0,0,1,0,0,0,0,0,0,1,0,1,0,0
392,3,6,1047,1,3,3,4,50,1,1,0,0,0,0,0,0,0,0,0,0,1,0,0,0,0,0,1,0,0,0
393,4,15,1471,1,3,1,4,35,2,1,0,0,0,0,0,0,0,1,0,0,0,0,0,0,0,1,0,1,0,1
394,4,24,5511,2,3,1,1,25,1,1,0,0,0,1,0,1,0,0,0,0,0,0,0,0,0,1,0,0,0,0
395,2,9,1206,1,5,1,4,25,1,1,0,0,0,1,0,0,0,1,0,0,0,0,0,0,0,0,0,0,1,0
396,2,24,6403,1,2,4,2,33,1,1,0,0,1,0,0,0,0,1,0,0,0,0,0,0,0,1,0,0,0,0
397,4,12,707,1,3,1,2,30,2,1,0,0,0,1,0,0,0,1,0,0,0,0,0,0,0,1,0,0,1,0
398,4,12,1503,1,3,1,4,41,1,1,0,0,1,0,1,0,0,0,0,0,0,0,0,1,0,0,0,0,1,0
399,2,12,6078,1,4,3,2,32,1,1,0,0,0,1,0,0,0,0,1,0,0,0,0,0,0,1,0,0,0,0
400,2,27,2528,1,2,1,1,32,1,1,0,0,0,1,0,0,0,0,0,0,0,1,0,0,0,0,1,0,0,1
401,2,12,1037,2,4,2,4,39,1,1,0,0,0,1,0,0,0,0,0,0,0,1,0,0,0,1,0,0,1,0
402,1,6,1352,3,1,4,2,23,1,1,0,0,0,1,1,0,0,0,0,0,0,0,0,0,0,0,1,0,0,1
403,4,24,3181,1,2,1,4,26,1,1,0,0,0,1,0,0,0,1,0,0,0,0,0,0,0,0,1,0,0,1
404,4,18,4594,1,2,2,2,32,1,1,0,0,0,1,0,0,0,1,0,0,0,0,0,0,0,1,0,0,0,1
405,2,48,5381,5,1,2,4,40,1,1,0,0,0,1,0,0,0,0,0,0,0,0,0,0,0,1,0,1,0,1
406,4,15,4657,1,3,2,2,30,1,1,0,0,0,1,1,0,0,0,0,0,0,0,0,0,0,1,0,0,0,1
407,2,9,1391,1,3,3,1,27,1,1,0,0,0,1,0,0,0,0,0,0,0,1,0,1,0,0,0,0,1,1
408,2,18,1913,4,2,2,3,36,1,1,0,0,0,1,0,0,0,0,0,0,0,1,0,1,0,0,0,0,1,1
409,4,42,7166,5,4,3,4,29,1,1,0,0,0,1,0,0,0,1,0,0,0,0,0,1,0,0,1,0,0,1
410,4,13,1409,2,1,3,4,64,1,1,0,0,0,1,0,0,0,1,0,0,0,0,0,0,0,0,0,0,1,0
411,4,24,2978,5,3,1,4,32,2,1,0,0,1,0,0,0,0,0,0,0,0,1,0,0,0,1,0,0,1,1
412,4,12,976,5,5,1,4,35,2,1,0,0,0,0,0,0,0,1,0,0,0,0,0,0,0,1,0,0,0,0
413,4,24,2375,3,3,1,2,44,2,1,0,0,1,0,0,0,0,0,0,0,0,1,0,0,0,1,0,0,0,1
414,4,12,522,3,5,1,4,42,2,1,0,0,0,0,0,0,0,1,0,0,0,0,0,0,0,1,1,0,0,1
415,4,28,2743,1,5,1,2,29,2,1,0,0,0,0,0,0,0,1,0,0,0,0,0,0,0,1,0,0,0,0
416,4,11,1154,2,1,1,4,57,3,1,0,0,0,0,0,0,0,1,0,0,0,0,0,0,0,0,0,0,1,0
417,4,24,5804,4,3,1,2,27,2,1,0,0,0,0,1,0,0,0,0,0,0,0,0,0,0,1,0,0,1,0
418,4,18,1169,5,3,1,3,29,2,1,0,0,0,0,0,0,0,1,0,0,0,0,0,0,0,1,1,0,0,1
419,1,15,1478,1,5,1,4,44,2,1,0,0,0,0,0,1,0,0,0,0,0,0,0,0,0,1,0,0,0,1
420,4,12,776,1,3,1,2,28,1,1,0,0,0,1,0,0,0,1,0,0,0,0,0,1,0,0,0,0,1,0
421,2,11,1322,4,3,1,4,40,2,1,0,0,0,0,0,0,0,0,1,0,0,0,0,0,0,0,0,0,0,0
422,2,16,1175,1,1,3,3,68,3,1,0,0,0,0,0,0,0,0,1,0,0,0,0,0,0,1,0,0,0,1
423,4,12,2133,5,5,1,4,52,1,1,0,0,0,1,0,0,0,0,1,0,0,0,0,0,0,0,0,1,0,1
424,4,15,1829,1,5,1,4,46,2,1,0,0,0,0,0,0,0,1,0,0,0,0,0,0,0,1,0,0,0,1
425,4,12,717,1,5,1,4,52,3,1,0,0,0,0,0,0,0,1,0,0,0,0,0,0,0,1,0,0,1,0
426,2,39,11760,2,4,3,3,32,1,1,0,0,1,0,0,0,0,0,0,0,1,0,0,0,0,1,0,1,0,1
427,2,9,1501,1,5,3,3,34,2,0,0,0,0,0,0,0,0,0,0,0,1,0,0,0,0,0,0,0,0,1
428,1,12,1200,5,3,1,4,23,1,1,0,0,0,1,0,0,0,0,0,0,1,0,0,0,0,0,1,0,0,1
429,2,9,3195,5,3,4,2,33,1,1,0,0,0,1,0,0,0,0,1,0,0,0,0,0,0,0,0,0,1,0
430,4,30,4530,1,4,1,4,26,1,1,0,0,0,0,0,0,0,1,0,0,0,0,0,0,0,0,0,0,0,1
431,4,12,1555,4,5,1,4,55,2,0,0,0,1,0,0,0,1,0,0,0,0,0,0,0,0,1,0,1,0,0
432,2,15,2326,3,3,3,4,27,1,1,0,0,0,0,0,0,0,0,0,0,0,1,0,0,0,1,0,0,0,0
433,2,18,1887,5,3,1,4,28,2,1,0,0,0,0,0,0,0,0,0,0,0,1,0,1,0,0,0,0,1,0
434,4,12,1264,5,5,1,4,57,1,1,0,0,0,0,0,0,0,0,0,0,0,1,0,0,0,1,0,1,0,0
435,4,7,846,5,5,2,4,36,1,1,0,0,1,0,0,0,0,1,0,0,0,0,0,0,0,1,0,1,0,0
436,4,15,1532,2,3,1,3,31,1,1,0,0,0,0,0,0,0,0,0,0,1,0,0,0,0,0,0,0,0,0
437,4,6,935,1,3,2,2,24,1,1,0,0,1,0,0,0,0,1,0,0,0,0,0,0,0,0,0,0,1,0
438,1,27,2442,1,5,1,4,43,4,1,0,0,0,0,0,0,0,0,0,0,0,1,0,0,0,1,0,0,0,1
439,2,18,3590,1,1,2,3,40,3,1,0,0,0,0,0,0,0,0,0,0,0,1,0,1,0,0,0,0,0,1
440,4,21,2288,1,2,1,4,23,1,1,0,0,0,0,0,1,0,0,0,0,0,0,0,0,0,0,1,0,0,1
441,4,27,5117,1,4,2,4,26,2,1,0,0,1,0,0,0,0,0,0,0,0,1,0,0,0,1,0,0,0,0
442,1,39,14179,5,4,1,4,30,2,1,0,0,0,0,0,1,0,0,0,0,0,0,0,0,0,1,1,0,0,1
443,4,15,1386,5,3,1,2,40,1,1,0,0,0,1,0,0,0,1,0,0,0,0,0,1,0,0,0,0,1,1
444,4,12,618,1,5,1,4,56,1,1,0,0,0,0,0,0,0,1,0,0,0,0,0,0,0,1,0,0,1,0
445,4,12,1574,1,3,1,2,50,1,1,0,0,0,1,0,1,0,0,0,0,0,0,0,0,0,1,0,0,1,0
446,4,6,700,5,5,1,4,36,2,1,0,0,0,0,0,0,0,1,0,0,0,0,0,0,0,1,0,1,0,0
447,4,12,886,5,3,1,2,21,1,1,0,0,0,1,0,0,0,1,0,0,0,0,0,0,0,0,0,0,0,0
448,4,36,4686,1,3,3,2,32,1,1,0,0,0,1,1,0,0,0,0,0,0,0,0,0,0,1,0,1,0,1
449,2,9,790,3,3,1,3,66,1,1,0,0,0,1,0,0,0,1,0,0,0,0,0,0,0,0,0,0,1,0
450,2,12,766,3,3,1,3,66,1,0,0,0,0,1,0,0,0,1,0,0,0,0,0,0,0,1,0,0,1,0
451,1,20,2212,5,4,1,4,39,1,1,0,0,0,1,0,1,0,0,0,0,0,0,0,0,0,1,0,0,0,1
452,2,10,7308,1,1,3,4,70,1,1,0,0,0,1,0,0,0,0,1,0,0,0,0,0,0,1,0,1,0,1
453,2,24,5743,1,2,3,4,24,2,1,0,0,0,0,0,0,0,0,0,0,1,0,0,0,0,0,0,1,0,1
454,1,14,3973,1,1,4,4,22,1,1,0,0,0,1,0,0,0,0,1,0,0,0,0,0,0,1,0,1,0,0
455,2,60,7418,5,3,4,1,27,1,1,0,0,1,0,0,0,0,1,0,0,0,0,0,0,0,1,0,0,1,0
456,2,20,2629,1,3,3,3,29,2,1,0,0,1,0,0,0,0,0,0,0,0,0,0,0,0,1,0,0,0,1
457,2,18,1941,4,3,1,2,35,1,1,0,0,0,1,0,0,0,0,0,0,0,1,0,0,0,1,1,0,0,1
458,2,24,2333,5,2,1,2,29,1,1,0,0,1,0,0,1,0,0,0,0,0,0,0,0,0,1,1,0,0,0
459,4,12,2445,5,2,3,4,26,1,1,0,0,0,1,1,0,0,0,0,0,0,0,0,1,0,0,0,0,0,1
460,2,20,6468,5,1,4,4,60,1,1,0,0,0,1,1,0,0,0,0,0,0,0,0,0,1,0,0,0,1,1
461,2,18,7374,1,1,1,4,40,2,1,0,0,0,0,0,1,0,0,0,0,0,0,0,0,0,1,1,0,0,1
462,4,15,3812,2,2,4,4,23,1,1,0,0,0,1,1,0,0,0,0,0,0,0,0,0,0,0,0,0,0,1
463,1,28,4006,1,3,2,2,45,1,0,0,0,0,1,0,0,0,0,1,0,0,0,0,0,0,1,0,0,0,0
464,2,12,7472,5,1,4,2,24,1,1,0,0,0,1,0,0,0,0,1,0,0,0,0,0,0,0,0,0,1,0
465,3,12,1424,5,5,2,4,55,1,1,0,0,0,1,0,1,0,0,0,0,0,0,0,0,0,0,0,0,1,1
466,2,12,2028,5,3,1,2,30,1,1,0,0,0,1,1,0,0,0,0,0,0,0,0,0,0,1,0,0,0,0
467,4,15,5324,3,5,4,4,35,1,1,0,0,0,1,0,0,0,0,1,0,0,0,0,0,0,0,0,1,0,0
468,2,36,2323,1,4,1,4,24,1,1,0,0,0,1,0,0,0,1,0,0,0,0,0,0,0,1,0,0,0,0
469,4,12,1393,1,5,1,4,47,3,1,0,0,0,1,0,0,0,0,0,0,1,0,0,0,0,1,1,0,0,1
470,4,18,1984,1,3,1,4,47,2,1,0,0,0,1,0,1,0,0,0,0,0,0,0,0,0,1,0,1,0,0
471,4,24,999,5,5,1,2,25,2,1,0,0,0,1,0,0,0,1,0,0,0,0,0,0,0,1,0,0,0,0
472,4,36,7409,5,5,2,2,37,2,1,0,0,0,1,0,0,0,0,0,0,0,1,0,0,0,1,1,0,0,0
473,4,15,2186,5,4,4,4,33,1,1,0,0,0,1,0,1,0,0,0,0,0,0,0,0,0,0,0,0,1,0
474,3,36,4473,1,5,1,2,31,1,1,0,0,0,1,0,0,0,1,0,0,0,0,0,0,0,1,0,0,0,0
475,4,24,937,1,2,1,3,27,2,1,0,0,0,1,0,0,0,0,0,0,0,0,1,1,0,0,0,0,0,0
476,4,18,3422,1,5,1,4,47,3,1,0,0,0,1,0,1,0,0,0,0,0,0,0,0,0,1,1,0,0,1
477,4,24,3105,5,2,1,2,25,2,1,0,0,0,1,0,0,0,1,0,0,0,0,0,0,0,1,0,0,0,0
478,4,12,2748,1,5,3,4,57,3,1,0,0,0,0,0,0,0,0,0,0,1,0,0,0,0,0,0,1,0,0
479,2,18,3872,1,1,3,4,67,1,1,0,0,0,1,0,0,1,0,0,0,0,0,0,0,0,0,0,0,0,1
480,4,27,5190,5,5,1,4,48,4,1,0,0,0,1,0,0,1,0,0,0,0,0,0,0,0,1,1,0,0,1
481,2,18,3001,1,4,3,4,40,1,1,0,0,0,1,0,1,0,0,0,0,0,0,0,0,0,0,0,0,1,0
482,4,24,3863,1,3,4,2,32,1,1,0,0,1,0,0,0,0,0,0,0,0,1,0,0,0,1,0,1,0,0
483,4,12,5801,5,5,3,4,49,1,1,0,0,0,0,0,1,0,0,0,0,0,0,0,0,0,1,1,0,0,1
484,4,12,1592,4,4,2,2,35,1,1,0,0,0,0,0,1,0,0,0,0,0,0,0,0,0,0,1,0,0,0
485,4,12,1185,1,3,2,2,27,2,1,0,0,0,0,0,0,0,0,0,0,0,1,0,0,0,0,0,0,1,0
486,4,18,3780,1,2,2,2,35,2,1,0,0,0,0,0,1,0,0,0,0,0,0,0,0,1,0,0,0,0,1
487,2,18,3612,1,5,2,4,37,1,1,0,0,0,0,0,1,0,0,0,0,0,0,0,0,0,0,1,0,0,1
488,4,12,1076,1,3,3,2,26,1,1,0,0,0,1,0,0,0,0,0,0,0,1,0,1,0,0,0,0,1,1
489,4,12,3527,5,2,3,3,45,1,1,0,0,0,1,0,0,0,0,1,0,0,0,0,0,0,1,1,0,0,1
490,4,18,2051,1,2,1,1,33,1,1,0,0,0,1,0,0,0,1,0,0,0,0,0,0,0,1,0,0,1,0
491,4,12,3331,1,5,3,4,42,1,1,0,0,0,0,0,1,0,0,0,0,0,0,0,0,0,1,1,0,0,0
492,1,18,3104,1,4,2,1,31,1,1,0,1,0,0,0,0,0,0,0,0,0,1,0,0,0,1,1,0,0,1
493,4,24,2611,1,5,1,3,46,2,1,0,0,0,0,0,0,0,1,0,0,0,0,0,1,0,0,0,0,1,0
494,1,12,1409,1,5,1,3,54,1,1,0,0,0,0,1,0,0,0,0,0,0,0,0,0,0,1,0,0,1,0
495,4,24,1311,2,4,1,3,26,1,1,0,0,0,1,0,0,0,1,0,0,0,0,0,1,0,0,1,0,0,1
496,4,6,2108,1,4,3,2,29,1,1,0,0,0,1,0,0,0,1,0,0,0,0,0,1,0,0,0,0,1,0
497,4,24,4042,5,4,2,4,43,2,1,0,0,0,0,1,0,0,0,0,0,0,0,0,0,0,1,1,0,0,1
498,4,12,926,1,1,4,2,38,1,1,0,0,0,0,0,0,0,0,1,0,0,0,0,0,0,0,1,0,0,0
499,1,12,1680,3,5,2,1,35,1,1,0,0,0,1,0,0,0,1,0,0,0,0,0,1,0,0,0,0,1,0
500,4,24,1249,1,2,1,2,28,1,1,0,0,0,1,0,0,0,0,1,0,0,0,0,1,0,0,0,0,1,0
501,4,24,2463,2,4,1,3,27,2,1,0,0,0,0,0,0,0,0,1,0,0,0,0,1,0,0,1,0,0,1
502,4,6,1595,1,4,2,2,51,1,1,0,0,0,1,0,0,0,1,0,0,0,0,0,0,0,1,1,0,0,0
503,4,24,2058,1,3,1,2,33,2,1,0,0,0,0,0,0,1,0,0,0,0,0,0,0,1,0,0,0,1,1
504,4,24,7814,1,4,2,3,38,1,1,0,0,0,1,1,0,0,0,0,0,0,0,0,0,0,1,0,0,0,1
505,4,6,1740,1,5,3,2,30,2,1,0,0,0,0,0,0,0,1,0,0,0,0,0,1,0,0,0,0,1,0
506,4,12,1240,5,5,1,2,38,2,1,0,0,0,0,0,0,0,1,0,0,0,0,0,0,0,0,0,0,1,1
507,4,24,6842,5,3,3,4,46,2,1,0,0,0,0,1,0,0,0,0,0,0,0,0,0,0,1,1,0,0,1
508,4,24,5150,1,5,1,4,33,1,1,0,0,0,0,0,1,0,0,0,0,0,0,0,0,0,1,0,0,0,1
509,1,6,1203,2,5,2,2,43,1,1,0,0,0,1,0,0,0,0,1,0,0,0,0,0,0,1,1,0,0,1
510,4,6,2080,3,3,4,2,24,1,1,0,0,0,0,0,0,0,0,1,0,0,0,0,1,0,0,0,0,0,0
511,4,6,1538,1,2,4,2,56,1,1,0,0,0,1,0,0,0,0,0,0,1,0,0,0,0,0,0,1,0,0
512,2,24,3878,2,2,1,2,37,1,1,0,0,0,0,0,0,0,0,1,0,0,0,0,0,1,0,0,0,0,1
513,2,30,3832,1,2,3,1,22,1,1,0,0,0,1,0,1,0,0,0,0,0,0,0,1,0,0,1,0,0,0
514,4,15,3186,4,4,3,3,20,1,1,0,0,0,1,0,0,0,0,1,0,0,0,0,0,0,0,0,0,0,0
515,2,24,2896,2,2,3,1,29,1,1,0,0,0,1,0,0,0,1,0,0,0,0,0,0,0,1,0,0,0,0
516,2,24,6967,2,4,1,4,36,1,1,0,0,1,0,0,0,0,0,0,0,0,1,0,0,0,1,0,0,0,1
517,4,36,1819,1,3,1,4,37,1,0,0,0,0,1,0,0,0,0,0,0,1,0,0,0,0,1,0,1,0,1
518,4,24,5943,5,2,4,1,44,2,0,0,0,0,1,0,0,0,1,0,0,0,0,0,0,0,0,0,0,0,1
519,4,36,7127,1,2,3,4,23,2,0,0,0,0,0,0,1,0,0,0,0,0,0,0,0,0,0,1,0,0,1
520,4,36,3349,1,3,1,2,28,1,0,0,0,0,1,0,1,0,0,0,0,0,0,0,0,0,0,0,0,0,1
521,4,36,10974,1,1,1,2,26,2,0,0,0,0,1,0,1,0,0,0,0,0,0,0,0,0,0,0,0,0,1
522,4,6,518,1,3,2,1,29,1,1,0,0,0,1,0,0,0,1,0,0,0,0,0,0,0,0,0,0,1,0
523,4,18,1126,5,2,1,2,21,1,1,0,0,0,1,0,0,0,1,0,0,0,0,0,0,0,0,0,0,1,1
524,2,12,1860,1,1,1,2,34,2,1,0,0,0,0,1,0,0,0,0,0,0,0,0,0,0,1,0,0,0,1
525,4,36,9566,1,3,3,2,31,2,1,0,0,0,0,0,0,0,1,0,0,0,0,0,0,0,0,0,0,0,0
526,1,12,701,1,3,1,2,40,1,1,0,0,0,1,0,0,0,1,0,0,0,0,0,1,0,0,0,0,1,0
527,2,12,2930,1,4,3,1,27,1,1,0,0,0,1,0,0,0,1,0,0,0,0,0,0,0,0,0,0,1,0
528,4,18,1505,1,3,1,2,32,1,1,0,0,0,1,0,0,0,1,0,0,0,0,0,0,0,1,0,1,0,1
529,4,18,2238,1,3,3,1,25,2,1,0,0,0,0,0,0,0,1,0,0,0,0,0,0,0,0,0,0,0,0
530,4,4,1503,1,4,3,1,42,2,1,0,0,0,0,0,0,0,1,0,0,0,0,0,0,0,1,0,0,1,0
531,4,24,2197,5,4,1,4,43,2,1,0,0,0,0,1,0,0,0,0,0,0,0,0,0,0,1,0,0,0,1
532,3,12,1881,1,3,3,2,44,1,1,0,0,0,1,0,0,0,1,0,0,0,0,0,0,0,0,0,0,0,1
533,1,18,1880,1,4,1,1,32,2,1,0,0,0,0,0,0,0,1,0,0,0,0,0,1,0,0,1,0,0,1
534,1,18,2389,1,2,1,1,27,1,1,0,0,0,1,0,0,0,1,0,0,0,0,0,0,0,0,0,0,0,0
535,2,24,1967,1,5,1,4,20,1,1,0,0,0,1,0,0,0,1,0,0,0,0,0,0,0,0,0,0,0,1
536,4,4,3380,1,4,4,1,37,1,1,0,0,0,0,0,0,0,0,1,0,0,0,0,0,0,0,0,0,1,0
537,4,4,1455,1,4,3,1,42,3,1,0,0,0,0,0,0,0,0,1,0,0,0,0,0,0,1,0,0,1,0
538,4,7,730,5,5,1,2,46,2,1,0,0,0,0,0,0,0,1,0,0,0,0,0,0,0,1,1,0,0,1
539,2,18,3244,1,3,4,4,33,2,1,0,1,0,0,0,1,0,0,0,0,0,0,0,0,0,0,0,0,0,1
540,2,9,1670,1,2,1,2,22,1,0,0,0,0,1,0,0,0,1,0,0,0,0,0,0,0,0,0,0,0,1
541,2,48,3979,5,4,1,1,41,2,1,0,0,0,1,0,0,0,1,0,0,0,0,0,0,0,1,0,0,0,1
542,2,12,1922,1,3,1,2,37,1,0,0,0,0,1,0,1,0,0,0,0,0,0,0,0,0,1,1,0,0,0
543,2,18,1295,1,2,1,1,27,2,1,0,0,0,0,0,1,0,0,0,0,0,0,0,0,0,0,1,0,0,0
544,4,4,1544,1,4,3,1,42,3,1,0,0,0,0,0,0,0,1,0,0,0,0,0,0,0,1,0,0,1,0
545,2,8,907,1,2,2,2,26,1,1,0,0,0,1,0,0,0,0,0,0,0,1,0,1,0,0,0,0,1,1
546,2,30,1715,5,3,1,1,26,1,1,0,0,0,1,0,0,0,1,0,0,0,0,0,0,0,0,0,0,0,0
547,3,10,1347,5,4,1,2,27,2,1,0,0,0,0,0,0,0,1,0,0,0,0,0,0,0,1,1,0,0,1
548,2,12,1007,4,3,1,1,22,1,1,0,0,0,1,0,0,0,0,1,0,0,0,0,1,0,0,0,0,1,0
549,4,12,1402,3,4,2,4,37,1,1,0,0,0,0,0,1,0,0,0,0,0,0,0,0,0,0,0,0,0,1
550,2,12,2002,1,4,2,4,30,1,1,0,0,0,1,0,0,0,0,1,0,0,0,0,0,0,1,1,0,0,1
551,4,12,2096,1,4,3,3,49,1,1,0,0,0,0,0,0,0,0,0,0,1,0,0,0,0,1,0,0,1,0
552,4,12,1101,1,3,2,2,27,2,1,0,0,0,1,0,0,0,0,1,0,0,0,0,1,0,0,0,0,1,1
553,4,10,894,5,4,1,3,40,1,1,0,0,0,1,0,0,0,0,0,0,0,0,1,0,0,0,1,0,0,1
554,2,11,1577,4,2,1,1,20,1,1,0,0,0,1,0,1,0,0,0,0,0,0,0,0,0,0,0,0,1,0
555,4,33,2764,1,3,3,2,26,2,1,0,0,1,0,0,0,0,0,0,0,0,1,0,0,0,0,0,0,0,1
556,2,48,8358,3,2,4,1,30,2,1,0,1,0,0,0,0,0,0,1,0,0,0,0,0,0,0,0,0,0,0
557,3,12,1474,1,2,1,1,33,1,1,0,0,0,1,0,1,0,0,0,0,0,0,0,0,0,0,1,0,0,1
558,4,24,5433,5,1,3,4,26,1,1,0,0,0,1,1,0,0,0,0,0,0,0,0,0,0,0,1,0,0,1
559,2,14,1410,3,5,4,2,35,1,1,0,0,0,1,0,0,0,0,0,0,0,1,0,1,0,0,0,0,1,1
560,4,20,3485,5,2,3,4,44,2,1,0,0,0,0,0,0,0,0,1,0,0,0,0,0,1,0,0,0,1,1
561,4,18,3850,1,4,2,1,27,2,1,0,0,0,0,1,0,0,0,0,0,0,0,0,0,0,1,0,0,0,0
562,2,60,7408,2,2,1,2,24,1,0,0,0,0,1,0,0,0,0,1,0,0,0,0,0,0,0,1,0,0,0
563,3,24,1377,2,5,1,2,47,1,1,0,0,0,1,0,0,0,1,0,0,0,0,0,0,0,0,0,1,0,1
564,4,30,4272,2,3,3,2,26,2,1,0,0,1,0,0,0,0,0,0,0,0,1,0,0,0,1,1,0,0,0
565,2,24,1553,2,4,2,2,23,2,1,0,0,1,0,0,0,0,1,0,0,0,0,0,0,0,0,1,0,0,1
566,2,36,9857,2,4,4,3,31,2,1,0,0,1,0,0,0,0,0,0,0,0,1,0,0,0,1,1,0,0,1
567,4,6,362,2,3,1,4,52,2,1,0,0,0,0,0,0,0,0,1,0,0,0,0,0,0,0,0,0,0,0
568,4,12,1935,1,5,1,4,43,3,1,0,0,0,0,0,1,0,0,0,0,0,0,0,0,0,1,0,0,1,1
569,4,48,10222,5,4,1,3,37,1,1,0,0,0,1,0,0,0,1,0,0,0,0,0,0,0,1,0,0,0,1
570,3,12,1330,1,2,1,1,26,1,1,0,0,0,1,0,0,0,0,1,0,0,0,0,0,0,1,0,0,1,0
571,4,36,9055,5,3,3,4,35,1,1,0,0,0,1,0,0,0,0,0,0,1,0,0,0,0,1,0,1,0,1
572,2,26,7966,1,2,3,3,30,2,1,0,0,0,1,1,0,0,0,0,0,0,0,0,0,0,1,0,0,0,0
573,2,30,3496,4,3,1,2,34,1,1,1,0,0,0,0,1,0,0,0,0,0,0,0,0,0,1,0,0,0,1
574,2,36,6948,1,3,3,2,35,1,1,0,0,0,1,1,0,0,0,0,0,0,0,0,0,0,1,0,0,0,1
575,2,48,12204,5,3,3,2,48,1,1,0,1,0,0,0,0,0,0,0,0,0,1,0,0,0,1,0,0,0,1
576,1,36,3446,1,5,1,2,42,1,0,0,0,0,1,0,1,0,0,0,0,0,0,0,0,0,1,0,0,0,0
577,1,12,684,1,3,1,4,40,1,0,0,0,0,1,0,0,0,0,0,0,1,0,0,0,0,1,0,0,0,0
578,1,33,4281,3,3,4,4,23,2,0,0,0,0,0,0,1,0,0,0,0,0,0,0,0,0,0,0,0,0,0
579,1,42,7174,5,4,1,3,30,1,0,0,0,0,1,0,0,0,1,0,0,0,0,0,0,0,0,0,0,0,1
580,1,24,1546,1,4,1,4,24,1,0,1,0,0,0,0,0,0,1,0,0,0,0,0,0,0,1,0,0,0,0
581,1,24,2359,2,1,4,1,33,1,0,0,0,0,1,0,1,0,0,0,0,0,0,0,0,1,0,1,0,0,0
582,4,24,3621,2,5,3,4,31,2,0,0,0,0,1,0,0,0,1,0,0,0,0,0,0,0,1,0,0,0,0
583,1,12,741,2,1,1,3,22,1,0,0,0,0,1,0,0,0,0,0,1,0,0,0,0,0,0,1,0,0,0
584,1,12,7865,1,5,1,4,53,1,0,0,0,0,1,0,1,0,0,0,0,0,0,0,0,0,1,0,1,0,1
585,1,24,2910,1,4,3,1,34,1,1,0,0,0,1,1,0,0,0,0,0,0,0,0,0,0,1,0,1,0,1
586,1,18,5302,1,5,3,4,36,3,1,0,0,0,0,0,0,0,0,1,0,0,0,0,0,0,1,0,1,0,1
587,1,36,3620,1,3,4,2,37,1,1,0,0,0,1,0,1,0,0,0,0,0,0,0,0,0,1,1,0,0,0
588,1,18,3509,1,4,1,1,25,1,1,0,0,0,1,0,0,0,1,0,0,0,0,0,0,0,0,0,0,1,0
589,2,12,3017,1,2,2,1,34,1,1,0,0,0,1,0,1,0,0,0,0,0,0,0,0,0,0,0,0,1,0
590,1,12,1657,1,3,3,2,27,1,1,0,0,0,1,0,1,0,0,0,0,0,0,0,0,0,1,0,0,1,0
591,1,8,1164,1,5,2,4,51,2,1,0,0,0,0,0,0,0,0,0,0,0,0,0,0,0,1,0,1,0,1
592,1,36,6229,1,2,1,4,23,2,0,0,0,0,0,0,1,0,0,0,0,0,0,0,0,0,0,0,1,0,1
593,1,24,1193,1,1,4,4,29,2,0,1,0,0,0,0,0,0,0,1,0,0,0,0,0,0,0,0,1,0,0
594,1,30,4583,1,3,3,2,32,2,1,0,1,0,0,0,1,0,0,0,0,0,0,0,0,1,0,0,0,1,0
595,1,36,5371,1,3,2,2,28,2,1,0,0,0,0,0,1,0,0,0,0,0,0,0,0,0,1,1,0,0,0
596,1,12,708,1,3,3,3,38,1,1,0,0,0,1,0,1,0,0,0,0,0,0,0,0,0,1,1,0,0,0
597,1,21,571,1,5,1,4,65,2,1,0,0,0,0,0,0,0,0,1,0,0,0,0,0,0,1,0,0,1,0
598,1,30,2522,1,5,4,3,39,1,1,0,0,0,1,0,0,0,1,0,0,0,0,0,0,0,1,1,0,0,0
599,1,36,5179,1,4,1,2,29,1,0,0,0,0,1,0,1,0,0,0,0,0,0,0,0,0,1,1,0,0,0
600,1,36,8229,1,3,3,2,26,1,0,0,0,0,1,1,0,0,0,0,0,0,0,0,0,0,1,1,0,0,0
601,4,24,2028,1,4,3,2,30,2,1,0,0,0,0,0,1,0,0,0,0,0,0,0,0,0,1,1,0,0,0
602,1,6,1374,5,1,1,3,75,1,1,0,0,0,1,0,0,0,0,1,0,0,0,0,0,0,0,1,0,0,1
603,1,12,1289,1,3,1,1,21,1,1,0,0,0,1,0,1,0,0,0,0,0,0,0,0,0,1,1,0,0,0
604,1,36,2712,1,5,3,2,41,1,0,0,0,0,1,0,1,0,0,0,0,0,0,0,0,0,1,1,0,0,0
605,1,15,975,1,3,3,3,25,2,1,0,0,0,0,0,1,0,0,0,0,0,0,0,0,1,0,1,0,0,0
606,2,6,1050,1,1,1,1,35,2,1,0,0,1,0,0,1,0,0,0,0,0,0,0,0,0,1,1,0,0,1
607,1,6,609,1,4,1,3,37,2,1,0,0,0,0,0,0,0,0,1,0,0,0,0,0,0,0,1,0,0,0
608,1,48,4788,1,4,1,3,26,1,1,0,0,0,1,1,0,0,0,0,0,0,0,0,0,0,1,1,0,0,0
609,2,24,3069,2,5,1,4,30,1,1,0,0,0,1,0,1,0,0,0,0,0,0,0,0,0,1,0,1,0,0
610,2,12,836,2,2,1,2,23,1,0,0,0,0,1,0,0,0,0,1,0,0,0,0,0,0,0,1,0,0,0
611,1,12,2577,1,3,3,1,42,1,1,0,0,0,1,0,1,0,0,0,0,0,0,0,0,1,0,0,0,0,0
612,1,12,1620,1,3,3,3,30,1,1,0,0,0,1,0,1,0,0,0,0,0,0,0,0,0,0,1,0,0,0
613,1,15,1845,1,2,1,1,46,1,1,0,0,0,1,0,1,0,0,0,0,0,0,0,0,0,0,1,0,0,0
614,1,24,6579,1,1,1,2,29,1,1,0,0,0,1,1,0,0,0,0,0,0,0,0,0,0,1,0,1,0,1
615,1,12,1893,1,3,1,4,29,1,1,0,0,0,1,0,0,0,0,1,0,0,0,0,0,0,0,1,0,0,1
616,1,30,10623,1,5,2,4,38,3,1,0,0,0,0,1,0,0,0,0,0,0,0,0,0,0,1,0,1,0,1
617,1,18,2249,2,4,1,3,30,1,1,0,0,0,1,0,0,0,0,1,0,0,0,0,0,0,1,0,0,0,1
618,1,30,3108,1,2,3,4,31,1,0,0,0,0,1,0,1,0,0,0,0,0,0,0,0,1,0,1,0,0,0
619,2,12,958,1,4,3,3,47,2,1,0,0,0,0,0,0,0,0,1,0,0,0,0,0,0,1,0,0,1,0
620,4,24,9277,5,3,3,4,48,1,1,0,0,0,1,1,0,0,0,0,0,0,0,0,0,1,0,0,1,0,1
621,4,24,6314,1,1,1,2,27,2,1,0,0,0,0,0,0,0,0,0,0,0,0,0,0,0,1,0,1,0,1
622,1,12,1526,1,5,1,4,66,2,1,0,0,0,0,1,0,0,0,0,0,0,0,0,0,0,1,0,1,0,0
623,1,12,3590,1,3,3,2,29,1,1,0,0,0,1,0,1,0,0,0,0,0,0,0,0,0,1,1,0,0,0
624,1,24,6615,1,1,3,4,75,2,1,0,0,0,0,1,0,0,0,0,0,0,0,0,0,0,1,0,1,0,1
625,1,6,1872,1,1,1,4,36,3,1,0,0,0,0,0,1,0,0,0,0,0,0,0,0,0,1,0,1,0,1
626,4,12,2859,5,1,1,4,38,1,1,0,0,0,1,0,0,0,0,1,0,0,0,0,0,0,1,0,1,0,1
627,4,18,1582,4,5,1,4,46,2,1,0,0,0,0,0,0,0,1,0,0,0,0,0,0,0,1,0,0,0,0
628,4,6,1238,5,1,1,4,36,1,1,0,0,0,1,0,0,0,0,0,0,0,0,1,0,0,1,1,0,0,1
629,1,12,2578,1,1,2,4,55,1,1,0,0,0,1,0,1,0,0,0,0,0,0,0,0,0,0,0,1,0,0
630,1,15,1433,1,3,1,3,25,2,1,0,0,0,0,0,1,0,0,0,0,0,0,0,0,0,0,1,0,0,0
631,1,42,7882,1,4,3,4,45,1,1,0,0,0,1,0,1,0,0,0,0,0,0,0,0,0,1,1,0,0,0
632,1,24,4169,1,3,1,4,28,1,1,0,0,0,1,0,1,0,0,0,0,0,0,0,0,0,1,1,0,0,0
633,1,36,3959,1,1,1,3,30,1,1,0,0,0,1,0,1,0,0,0,0,0,0,0,0,0,1,1,0,0,1
634,1,36,3249,1,4,3,4,39,1,1,0,0,0,1,0,0,0,0,1,0,0,0,0,0,0,1,0,1,0,1
635,1,24,3149,1,2,1,1,22,1,1,0,0,0,1,0,1,0,0,0,0,0,0,0,0,0,1,0,1,0,0
636,1,12,2246,1,5,2,3,60,2,0,0,0,0,0,0,1,0,0,0,0,0,0,0,0,0,1,1,0,0,0
637,1,13,1797,1,2,2,1,28,2,1,0,0,0,0,0,0,0,0,0,0,0,1,0,0,0,1,1,0,0,0
638,1,20,4272,1,5,4,4,24,2,1,0,0,0,0,0,1,0,0,0,0,0,0,0,0,0,0,1,0,0,0
639,1,24,2957,1,5,1,4,63,2,1,0,0,0,0,1,0,0,0,0,0,0,0,0,0,0,1,1,0,0,1
640,1,36,2348,1,3,2,2,46,2,1,0,0,0,0,0,1,0,0,0,0,0,0,0,1,0,0,1,0,0,1
641,3,42,6289,1,2,3,1,33,2,1,0,1,0,0,0,0,0,0,0,0,0,1,0,0,1,0,1,0,0,0
642,1,24,6419,1,5,3,4,44,2,1,0,0,0,0,1,0,0,0,0,0,0,0,0,0,0,0,0,1,0,1
643,1,48,6143,1,5,1,4,58,2,0,0,0,0,0,1,0,0,0,0,0,0,0,0,0,0,0,0,1,0,0
644,4,24,1597,1,5,1,4,54,2,1,0,0,0,0,0,0,0,0,0,0,1,0,0,0,0,1,0,1,0,0
645,1,36,15857,1,1,3,3,43,1,1,0,0,0,1,0,0,0,0,0,0,0,0,0,0,1,0,0,0,0,0
646,4,24,2223,2,5,1,4,52,2,1,0,0,0,0,0,0,0,1,0,0,0,0,0,0,0,1,1,0,0,0
647,4,48,7238,5,5,2,3,32,2,1,0,0,1,0,0,0,0,1,0,0,0,0,0,0,0,1,0,0,0,0
648,2,30,2503,2,5,1,2,41,2,1,0,0,1,0,0,0,0,0,0,0,0,1,0,0,0,1,1,0,0,0
649,2,18,2622,2,3,1,4,34,1,1,0,0,0,1,0,0,0,0,0,0,0,1,0,0,0,1,0,0,0,0
650,2,24,4351,5,3,4,4,48,1,1,0,0,0,1,0,1,0,0,0,0,0,0,0,0,0,0,1,0,0,1
651,2,6,368,5,5,1,4,38,1,1,0,0,0,1,0,0,0,1,0,0,0,0,0,0,0,1,1,0,0,0
652,2,12,754,5,5,1,4,38,2,1,0,0,0,1,0,0,0,0,0,0,0,0,1,0,0,1,1,0,0,0
653,4,24,2424,5,5,1,4,53,2,1,0,0,0,0,0,0,0,1,0,0,0,0,0,0,0,1,1,0,0,0
654,2,48,6681,5,3,1,4,38,1,1,0,0,1,0,0,0,0,0,0,0,0,1,0,0,0,1,0,1,0,1
655,2,18,2427,5,5,1,2,42,2,1,0,0,1,0,0,0,0,0,0,0,0,1,0,0,0,1,1,0,0,0
656,2,24,1216,2,2,1,4,38,2,0,0,0,0,0,0,0,0,1,0,0,0,0,0,0,0,1,0,1,0,0
657,2,6,753,1,3,3,3,64,1,1,0,0,0,1,0,0,0,1,0,0,0,0,0,0,0,0,0,0,1,0
658,2,7,2576,1,3,3,2,35,1,1,0,0,0,1,0,0,0,1,0,0,0,0,0,0,0,1,0,0,1,0
659,2,6,590,1,2,2,3,26,1,1,0,0,0,1,0,0,0,1,0,0,0,0,0,1,0,0,0,0,1,0
660,2,8,1414,1,3,1,2,33,1,1,0,0,0,1,0,0,0,1,0,0,0,0,0,0,0,1,0,0,1,0
661,2,12,1103,1,4,1,3,29,2,1,0,0,0,1,0,0,0,1,0,0,0,0,0,0,0,1,0,0,1,0
662,2,12,585,1,3,1,4,20,2,1,0,0,1,0,0,0,0,1,0,0,0,0,0,1,0,0,0,0,1,0
663,2,6,1068,1,5,1,4,28,1,1,0,0,0,1,0,0,0,1,0,0,0,0,0,0,0,1,0,0,0,0
664,1,8,713,1,5,1,4,47,2,1,0,0,0,0,0,0,0,0,1,0,0,0,0,0,0,1,0,0,1,0
665,2,12,1092,1,3,1,4,49,2,1,0,0,0,1,0,0,0,1,0,0,0,0,0,0,0,0,0,0,1,1
666,2,7,2329,1,2,4,1,45,1,1,0,0,0,1,0,0,0,1,0,0,0,0,0,0,0,0,0,0,1,0
667,2,13,882,1,2,1,4,23,2,1,0,0,0,0,0,0,0,1,0,0,0,0,0,0,0,1,0,0,1,0
668,2,18,866,1,3,1,2,25,1,1,0,0,0,1,0,0,0,1,0,0,0,0,0,1,0,0,0,0,1,0
669,2,7,2415,1,3,2,2,34,1,1,0,0,0,1,0,0,0,1,0,0,0,0,0,0,0,1,0,0,1,0
670,2,13,2101,1,2,3,4,23,1,1,0,0,0,1,0,0,0,1,0,0,0,0,0,0,0,0,1,0,0,0
671,2,18,1301,1,5,1,2,32,1,1,0,0,0,1,0,0,0,1,0,0,0,0,0,1,0,0,0,0,1,0
672,2,18,1113,1,3,1,4,26,1,1,0,0,0,1,0,0,0,1,0,0,0,0,0,0,0,0,0,0,1,0
673,2,8,760,1,4,1,2,44,1,1,0,0,0,1,0,0,0,1,0,0,0,0,0,0,0,0,0,0,1,0
674,2,12,625,1,2,1,1,26,1,1,0,0,0,1,0,0,0,1,0,0,0,0,0,1,0,0,0,0,1,0
675,3,6,1323,2,5,3,4,28,2,1,0,0,0,0,0,0,0,0,1,0,0,0,0,0,1,0,0,0,0,1
676,1,9,1138,1,3,1,4,25,2,1,0,0,0,0,0,0,0,1,0,0,0,0,0,0,0,1,0,0,1,0
677,2,18,1795,1,5,2,4,48,2,1,0,0,0,0,0,0,0,1,0,0,0,0,0,0,0,0,0,0,1,1
678,2,15,2728,5,4,1,2,35,3,1,0,0,0,0,0,0,0,1,0,0,0,0,0,0,0,1,0,0,1,1
679,2,6,484,1,4,2,3,28,1,1,0,0,0,1,0,0,0,1,0,0,0,0,0,1,0,0,0,0,1,0
680,2,10,1048,1,3,1,4,23,1,1,1,0,0,0,0,0,0,1,0,0,0,0,0,0,0,1,0,0,1,0
681,2,12,1155,1,5,2,3,40,2,1,0,0,0,1,0,0,0,1,0,0,0,0,0,1,0,0,0,0,1,0
682,2,20,7057,5,4,2,4,36,2,1,0,0,1,0,1,0,0,0,0,0,0,0,0,0,0,1,1,0,0,1
683,2,15,1537,5,5,1,4,50,2,1,0,0,0,0,0,0,0,1,0,0,0,0,0,0,0,1,0,0,1,1
684,1,12,2214,1,3,1,3,24,1,1,0,0,0,1,0,0,0,1,0,0,0,0,0,0,0,1,1,0,0,0
685,4,24,1585,1,4,1,3,40,2,1,0,0,0,0,0,1,0,0,0,0,0,0,0,0,0,1,1,0,0,0
686,2,10,1521,1,3,1,2,31,1,1,0,0,0,1,0,1,0,0,0,0,0,0,0,0,1,0,0,0,0,0
687,2,36,3990,5,2,2,2,29,1,1,1,0,0,0,0,0,0,0,0,1,0,0,0,0,0,0,0,1,0,0
688,3,18,3049,1,2,4,1,45,1,1,0,0,0,1,0,1,0,0,0,0,0,0,0,0,0,0,1,0,0,0
689,1,24,1282,2,3,1,2,32,1,0,0,0,0,1,0,0,0,1,0,0,0,0,0,0,0,0,0,0,0,0
690,4,60,10144,2,4,3,4,21,1,1,0,0,0,1,0,0,0,1,0,0,0,0,0,0,0,0,0,0,1,1
691,1,12,1168,1,3,1,3,27,1,1,0,0,0,1,0,0,0,0,1,0,0,0,0,1,0,0,0,0,1,0
692,2,6,454,1,2,2,1,22,1,1,0,0,0,1,0,0,1,0,0,0,0,0,0,1,0,0,1,0,0,0
693,4,15,3594,1,2,4,2,46,2,1,0,0,1,0,1,0,0,0,0,0,0,0,0,0,0,0,1,0,0,0
694,4,12,1768,1,3,2,2,24,1,1,0,0,0,1,0,1,0,0,0,0,0,0,0,0,0,1,0,0,1,0
695,4,60,15653,1,4,3,4,21,2,1,0,0,1,0,0,0,0,1,0,0,0,0,0,0,0,1,0,0,0,1
696,3,12,2247,1,3,3,2,36,2,1,0,0,1,0,0,0,0,0,1,0,0,0,0,0,0,0,0,0,0,1
697,4,24,1413,1,3,1,2,28,1,1,0,0,0,1,0,0,0,1,0,0,0,0,0,1,0,0,1,0,0,0
698,2,45,4576,2,1,2,4,27,1,1,0,0,0,0,1,0,0,0,0,0,0,0,0,0,0,1,0,0,0,0
699,1,24,1231,4,5,1,4,57,2,1,0,0,0,0,0,0,0,1,0,0,0,0,0,0,0,0,1,0,0,1
700,1,36,8335,5,5,2,4,47,1,0,0,0,0,1,1,0,0,0,0,0,0,0,0,0,0,1,0,1,0,0
701,2,36,5800,1,3,2,4,34,2,1,0,0,0,0,1,0,0,0,0,0,0,0,0,0,0,1,0,0,0,1
702,1,18,8471,5,3,4,2,23,2,1,0,0,1,0,0,0,0,0,0,0,1,0,0,0,0,0,0,0,0,1
703,1,30,3622,4,5,1,4,57,2,1,0,0,0,1,0,1,0,0,0,0,0,0,0,0,0,0,1,0,0,1
704,1,6,1169,5,5,1,4,67,2,1,0,0,0,0,0,0,0,1,0,0,0,0,0,0,0,1,0,0,1,1
705,4,15,1262,3,4,1,3,36,2,1,0,0,0,1,0,0,0,0,0,1,0,0,0,0,0,1,1,0,0,1
706,3,24,3617,5,5,1,4,20,2,1,0,0,0,0,0,1,0,0,0,0,0,0,0,0,0,1,0,1,0,0
707,2,30,2181,5,5,1,4,36,2,1,0,0,0,0,0,0,0,0,1,0,0,0,0,0,0,1,0,0,1,0
708,1,48,7685,1,4,3,4,37,1,0,1,0,0,0,0,0,0,0,0,0,0,1,0,0,0,0,0,0,0,0
709,4,48,6110,1,3,4,3,31,1,1,0,0,0,0,0,0,0,0,0,0,1,0,0,0,0,1,0,1,0,1
710,4,24,3757,1,5,1,4,62,1,1,0,0,0,1,0,0,0,0,1,0,0,0,0,0,0,0,0,1,0,1
711,1,42,3394,1,1,1,4,65,2,1,0,0,0,0,0,0,1,0,0,0,0,0,0,0,0,1,0,0,0,0
712,4,36,6304,5,5,1,4,36,2,1,0,0,0,0,0,0,0,0,0,0,0,1,0,0,0,1,0,0,1,0
713,4,9,1244,5,5,1,4,41,2,1,0,0,0,0,0,0,0,0,0,0,1,0,0,0,0,0,1,0,0,0
714,4,6,3518,1,3,3,3,26,1,1,0,0,0,1,0,0,0,0,1,0,0,0,0,0,0,1,1,0,0,0
715,4,36,2613,1,3,1,2,27,2,1,0,1,0,0,0,0,1,0,0,0,0,0,0,0,0,1,0,0,0,0
716,1,48,7476,1,4,1,1,50,1,1,0,0,0,1,0,0,0,0,0,0,1,0,0,0,0,1,0,1,0,1
717,4,24,4591,4,3,3,3,54,3,0,0,0,0,1,0,0,0,0,0,0,0,1,0,0,0,1,1,0,0,1
718,2,18,1924,5,2,1,3,27,1,0,0,0,0,1,0,1,0,0,0,0,0,0,0,0,0,0,0,0,1,0
719,2,72,5595,2,3,3,2,24,1,0,0,0,0,1,0,0,0,1,0,0,0,0,0,1,0,0,0,0,0,0
720,2,48,6224,1,5,1,4,50,1,0,0,0,1,0,0,0,0,0,0,0,1,0,0,0,0,1,0,1,0,0
721,3,15,1905,1,5,1,4,40,1,1,0,0,0,1,0,0,0,0,0,0,1,0,0,0,0,1,0,0,0,1
722,4,21,2993,1,3,2,2,28,2,1,0,0,1,0,1,0,0,0,0,0,0,0,0,0,0,1,0,0,1,0
723,4,36,8947,5,4,2,2,31,1,1,0,0,1,0,1,0,0,0,0,0,0,0,0,0,0,1,0,0,0,1
724,1,24,4020,1,3,3,2,27,1,1,0,0,0,1,0,1,0,0,0,0,0,0,0,0,0,1,0,0,0,0
725,2,18,2779,1,3,4,3,21,1,1,0,0,0,1,1,0,0,0,0,0,0,0,0,1,0,0,0,0,0,1
726,4,21,2782,3,4,4,2,31,1,1,0,0,0,1,0,0,0,0,1,0,0,0,0,0,0,0,0,0,0,0
727,4,12,1884,1,5,1,4,39,1,1,0,0,0,1,0,0,0,0,1,0,0,0,0,0,0,1,0,0,0,1
728,4,36,11054,5,3,1,2,30,1,1,0,0,0,0,1,0,0,0,0,0,0,0,0,0,0,1,0,0,0,1
729,2,60,9157,5,3,3,2,27,1,1,0,0,1,0,0,0,0,1,0,0,0,0,0,0,0,1,0,1,0,0
730,2,42,9283,1,1,4,2,55,1,1,1,0,0,0,1,0,0,0,0,0,0,0,0,0,0,1,0,1,0,1
731,4,60,6527,5,3,1,4,34,1,1,0,0,0,1,0,0,0,0,1,0,0,0,0,0,0,1,0,1,0,1
732,4,15,3368,4,5,2,4,23,2,1,0,0,0,0,1,0,0,0,0,0,0,0,0,0,0,1,0,1,0,1
733,1,15,2511,1,1,4,4,23,1,1,0,0,0,1,0,0,0,0,1,0,0,0,0,0,0,0,0,0,0,0
734,1,36,5493,1,5,3,4,42,1,1,0,0,0,1,1,0,0,0,0,0,0,0,0,0,0,1,0,1,0,0
735,4,6,1338,3,3,4,4,62,1,1,0,0,0,1,0,0,0,0,0,1,0,0,0,0,1,0,0,0,1,0
736,2,9,1082,1,5,1,4,37,2,1,0,0,0,1,0,0,0,1,0,0,0,0,0,0,0,1,0,0,0,0
737,4,18,1149,4,3,1,3,46,2,1,0,0,0,0,0,0,0,1,0,0,0,0,0,0,0,1,0,0,1,0
738,2,15,1308,1,5,1,4,38,2,1,0,0,0,1,0,0,1,0,0,0,0,0,0,0,0,1,0,0,0,0
739,2,20,6148,2,5,2,4,31,2,1,0,1,0,0,1,0,0,0,0,0,0,0,0,1,0,0,0,0,0,1
740,4,12,1736,1,4,2,4,31,1,1,0,0,0,1,0,1,0,0,0,0,0,0,0,0,0,0,0,0,1,0
741,4,12,3059,4,4,3,4,61,1,1,0,0,0,1,0,0,0,1,0,0,0,0,0,0,1,0,0,0,1,0
742,1,24,2996,5,3,3,4,20,1,0,0,0,0,1,0,1,0,0,0,0,0,0,0,1,0,0,0,0,0,0
743,4,30,7596,5,5,4,4,63,2,1,0,0,0,0,1,0,0,0,0,0,0,0,0,0,0,1,0,0,0,0
744,4,30,4811,5,4,3,4,24,1,1,0,0,0,1,1,0,0,0,0,0,0,0,0,0,0,0,1,0,0,0
745,4,6,1766,1,3,4,2,21,1,1,0,0,0,1,0,1,0,0,0,0,0,0,0,1,0,0,1,0,0,0
746,2,24,2760,5,5,1,4,36,1,1,0,0,0,1,1,0,0,0,0,0,0,0,0,0,0,1,0,1,0,1
747,4,24,5507,1,5,2,4,44,2,1,0,0,0,0,0,0,1,0,0,0,0,0,0,0,0,1,0,1,0,0
748,2,9,1199,1,4,1,4,67,2,1,0,0,0,1,0,0,0,0,0,0,1,0,0,0,0,0,1,0,0,1
749,3,24,2892,1,5,2,4,51,1,1,0,0,0,1,0,1,0,0,0,0,0,0,0,0,1,0,0,1,0,0
750,2,36,2862,2,5,1,3,30,1,1,0,0,1,0,0,0,0,0,1,0,0,0,0,0,0,1,0,1,0,0
751,1,9,654,1,3,1,3,28,1,0,0,0,0,1,0,0,0,0,1,0,0,0,0,0,0,1,0,0,0,0
752,2,9,1136,4,5,1,3,32,2,0,0,0,0,0,0,0,0,0,0,0,1,0,0,0,0,1,0,1,0,0
753,2,24,4113,3,2,2,4,28,1,0,0,0,0,1,1,0,0,0,0,0,0,0,0,0,0,0,0,0,0,0
754,2,6,14555,5,1,4,2,23,1,0,0,0,0,1,0,0,0,0,1,0,0,0,0,0,0,1,1,0,0,1
755,1,15,950,1,5,1,3,33,2,0,0,1,0,0,0,0,0,0,1,0,0,0,0,0,0,1,0,0,0,0
756,1,24,1199,1,5,1,4,60,2,0,0,0,0,0,0,0,0,0,1,0,0,0,0,0,0,1,0,0,0,0
757,1,12,1082,1,3,1,4,48,2,0,0,1,0,0,0,0,0,0,1,0,0,0,0,0,0,1,0,0,0,0
758,2,30,2150,1,3,1,2,24,1,0,0,0,0,1,0,0,0,0,1,0,0,0,0,0,0,0,0,1,0,0
759,2,36,2820,1,2,1,4,27,2,0,0,0,0,0,0,0,0,0,1,0,0,0,0,0,1,0,0,0,0,0
760,2,48,3060,1,4,1,4,28,2,0,0,0,0,1,0,0,0,1,0,0,0,0,0,0,0,1,0,0,1,0
761,1,18,2600,1,3,1,4,65,2,0,0,0,0,1,0,0,0,1,0,0,0,0,0,0,0,1,0,1,0,0
762,4,21,5003,5,3,4,4,29,2,0,0,1,0,0,0,0,0,0,1,0,0,0,0,0,0,0,1,0,0,1
763,2,60,6288,1,3,1,4,42,1,0,0,0,0,1,0,0,0,0,0,0,1,0,0,0,0,1,0,1,0,0
764,4,24,2538,1,5,1,4,47,2,0,0,0,1,0,0,0,0,0,1,0,0,0,0,0,0,1,0,0,0,0
765,4,9,1478,1,4,1,2,22,1,0,0,0,0,1,0,0,0,1,0,0,0,0,0,0,0,1,0,0,0,0
766,2,39,4933,1,4,3,2,25,2,0,0,0,0,0,0,0,0,1,0,0,0,0,0,0,0,1,0,0,1,0
767,4,18,1530,1,3,2,2,32,2,0,0,0,0,0,0,0,0,0,1,0,0,0,0,0,0,1,1,0,0,0
768,2,9,1437,2,4,3,3,29,1,0,1,0,0,0,0,0,0,0,1,0,0,0,0,0,0,1,0,1,0,0
769,1,15,1275,5,3,1,2,24,1,0,0,0,0,1,0,0,0,0,0,1,0,0,0,0,0,0,0,0,0,0
770,1,24,1823,1,1,1,2,30,1,0,0,0,0,1,0,0,0,1,0,0,0,0,0,0,0,1,0,0,0,0
771,1,9,1422,1,2,2,2,27,1,0,0,0,0,1,0,0,0,0,1,0,0,0,0,0,0,1,0,1,0,1
772,1,18,1217,1,3,1,3,47,1,0,0,0,0,1,0,0,0,0,0,1,0,0,0,1,0,0,0,0,1,1
773,1,36,9271,1,4,3,1,24,1,0,0,0,0,1,0,0,0,0,1,0,0,0,0,0,0,1,0,0,0,1
774,1,36,2145,1,4,3,1,24,2,0,0,0,1,0,0,0,0,0,0,0,0,1,0,0,0,1,0,0,0,1
775,1,36,1842,1,2,1,4,34,1,0,0,0,0,1,0,0,0,0,1,0,0,0,0,0,0,0,0,0,0,1
776,2,18,4297,1,5,1,3,40,1,0,0,0,1,0,0,1,0,0,0,0,0,0,0,0,1,0,0,1,0,1
777,1,6,3384,1,3,4,4,44,1,0,0,0,0,0,0,1,0,0,0,0,0,0,0,0,1,0,0,0,1,1
778,2,18,1245,1,3,1,2,33,1,0,0,0,0,0,0,0,0,1,0,0,0,0,0,1,0,0,0,0,0,0
779,4,15,4623,2,3,2,2,40,1,0,0,0,0,1,0,0,0,0,0,0,1,0,0,0,0,1,1,0,0,1
780,2,30,8386,1,4,3,2,49,1,0,0,0,0,0,0,1,0,0,0,0,0,0,0,0,0,1,1,0,0,0
781,1,24,1024,1,2,1,4,48,1,0,0,0,1,0,0,0,0,1,0,0,0,0,0,1,0,0,0,0,1,0
782,2,36,14318,1,5,1,2,57,1,0,0,0,0,1,0,0,0,0,1,0,0,0,0,0,0,1,0,1,0,1
783,2,6,433,4,2,1,2,24,1,0,1,0,0,0,0,0,0,0,0,0,1,0,0,0,0,0,1,0,0,0
784,1,12,2149,1,3,1,1,29,1,0,1,0,0,0,0,0,0,1,0,0,0,0,0,0,1,0,0,1,0,0
785,4,24,2397,3,5,2,2,35,2,0,0,0,0,1,0,0,0,1,0,0,0,0,0,0,0,1,0,0,0,1
786,2,6,931,2,2,4,1,32,1,0,1,0,0,0,0,0,0,0,1,0,0,0,0,0,0,0,1,0,0,0
787,2,15,1512,4,3,2,3,61,2,0,0,0,1,0,0,0,1,0,0,0,0,0,0,1,0,0,1,0,0,0
788,2,24,4241,1,3,4,4,36,3,0,0,1,0,0,0,0,0,0,0,0,0,1,0,0,0,1,0,0,1,1
789,2,24,4736,1,2,3,4,25,1,0,0,0,0,0,0,1,0,0,0,0,0,0,0,0,0,0,0,0,0,0
790,2,15,1778,1,2,3,1,26,2,0,0,1,0,0,0,0,0,0,1,0,0,0,0,0,0,0,0,0,1,0
791,3,15,2327,1,2,3,3,25,1,0,0,0,0,1,0,0,0,1,0,0,0,0,0,0,0,0,0,0,1,0
792,1,24,6872,1,2,3,1,55,1,0,1,0,0,0,0,1,0,0,0,0,0,0,0,0,1,0,1,0,0,1
793,1,12,795,1,2,1,4,53,1,0,0,0,0,1,0,0,0,0,0,0,1,0,0,0,0,0,1,0,0,0
794,3,30,1908,1,5,1,4,66,1,0,0,0,1,0,0,0,0,0,0,0,0,1,0,0,0,1,0,0,1,1
795,2,36,1953,1,5,1,4,61,1,0,0,1,0,0,0,0,0,0,0,0,0,1,0,0,0,1,0,1,0,1
796,3,18,2864,1,3,3,1,34,1,0,0,0,0,1,0,1,0,0,0,0,0,0,0,0,0,1,0,0,1,0
797,3,21,2319,1,2,3,1,33,1,0,0,0,0,0,0,0,0,0,0,0,1,0,0,0,1,0,0,0,0,0
798,1,24,915,5,5,1,2,29,1,0,0,0,0,1,0,0,0,0,1,0,0,0,0,0,0,0,0,0,0,0
799,3,24,947,1,4,1,3,38,1,0,0,0,0,1,0,0,0,0,1,0,0,0,0,0,0,1,0,1,0,0
800,1,24,1381,5,3,1,2,35,1,0,0,0,0,1,0,0,0,0,1,0,0,0,0,0,0,0,1,0,0,0
801,1,24,1285,5,4,1,4,32,1,0,0,0,0,1,0,0,0,0,1,0,0,0,0,0,0,0,0,1,0,0
802,1,24,1371,5,3,1,4,25,1,0,0,0,0,1,0,0,0,0,1,0,0,0,0,0,0,0,0,0,1,0
803,2,18,1042,5,3,1,2,33,1,0,0,0,0,1,0,0,0,0,1,0,0,0,0,0,0,0,1,0,0,0
804,1,12,900,5,3,1,2,23,1,0,0,0,0,1,0,0,0,0,1,0,0,0,0,1,0,0,0,0,0,0
805,1,24,1207,1,2,1,4,24,1,0,0,0,0,1,0,0,0,0,1,0,0,0,0,0,0,0,1,0,0,0
806,2,18,2278,2,2,2,3,28,2,0,0,1,0,0,0,0,0,0,1,0,0,0,0,0,0,0,0,0,0,0
807,1,60,6836,1,5,2,4,63,2,0,0,0,1,0,0,0,0,0,0,0,0,1,0,0,0,1,0,1,0,1
808,1,24,3345,1,5,1,2,39,1,0,0,0,0,1,0,1,0,0,0,0,0,0,0,0,0,1,1,0,0,1
809,1,6,1198,1,5,1,4,35,1,0,1,0,0,0,0,0,0,0,0,0,1,0,0,0,0,0,0,1,0,0
810,2,48,15672,1,3,3,2,23,1,0,0,0,0,1,0,0,0,0,0,0,0,1,0,0,0,1,0,0,0,1
811,1,60,7297,1,5,1,4,36,1,0,0,0,0,1,0,0,0,0,0,0,0,1,0,0,0,1,0,1,0,0
812,4,18,1943,1,2,1,4,23,1,0,0,0,0,1,0,0,1,0,0,0,0,0,0,0,0,0,0,0,1,0
813,1,18,3190,1,3,3,2,24,1,0,0,0,0,1,0,0,0,1,0,0,0,0,0,0,0,0,0,0,1,0
814,2,9,5129,1,5,3,4,74,1,0,1,0,0,0,1,0,0,0,0,0,0,0,0,0,0,0,0,1,0,1
815,4,18,1808,1,4,1,1,22,1,0,0,0,1,0,0,1,0,0,0,0,0,0,0,0,0,0,0,0,1,0
816,3,10,1240,2,5,4,4,48,1,0,0,0,0,1,0,0,0,0,1,0,0,0,0,0,0,0,0,1,0,0
817,1,12,759,1,4,1,2,26,1,0,0,0,0,1,0,0,0,0,1,0,0,0,0,0,0,1,0,0,1,0
818,2,8,1237,1,3,2,4,24,1,0,0,0,0,1,0,1,0,0,0,0,0,0,0,0,0,0,0,0,1,0
819,4,9,1980,1,2,3,2,19,2,0,0,0,0,1,0,1,0,0,0,0,0,0,0,0,0,0,0,0,0,0
820,2,48,10961,4,4,4,2,27,2,0,0,0,0,1,0,0,0,1,0,0,0,0,0,0,0,1,0,1,0,1
821,1,36,6887,1,3,1,3,29,1,0,0,0,1,0,0,0,0,0,0,0,1,0,0,0,0,1,1,0,0,1
822,1,24,1938,1,2,1,3,32,1,0,0,0,0,1,0,0,0,1,0,0,0,0,0,0,1,0,1,0,0,0
823,1,21,1835,1,3,2,2,25,2,0,0,0,0,1,0,0,0,1,0,0,0,0,0,0,0,0,0,0,1,1
824,1,24,1659,1,2,1,2,29,1,0,0,0,1,0,0,0,0,1,0,0,0,0,0,0,0,0,0,0,0,1
825,2,6,1209,1,1,1,4,47,1,0,0,0,1,0,0,0,0,0,1,0,0,0,0,0,0,1,1,0,0,1
826,2,48,3844,2,4,1,4,34,1,0,0,1,0,0,0,0,0,0,0,0,0,1,0,0,0,1,0,1,0,0
827,1,12,4843,1,5,2,4,43,2,0,0,0,0,0,0,0,0,0,1,0,0,0,0,0,0,1,1,0,0,1
828,2,12,639,1,3,1,2,30,1,0,0,0,0,1,0,0,1,0,0,0,0,0,0,0,0,1,0,0,0,0
829,2,48,5951,1,3,3,2,22,1,0,0,0,0,1,0,0,0,1,0,0,0,0,0,0,0,0,0,0,1,0
830,2,36,3804,1,3,1,1,42,1,0,0,1,0,0,0,0,0,1,0,0,0,0,0,0,0,0,0,0,0,1
831,4,36,4463,1,3,1,2,26,2,0,0,0,1,0,0,0,0,1,0,0,0,0,0,0,0,1,0,0,0,1
832,4,36,7980,5,2,1,4,27,2,0,0,0,1,0,0,0,0,0,0,0,0,1,0,0,0,1,0,0,0,1
833,3,36,4210,1,3,1,2,26,1,0,0,0,0,1,0,0,0,1,0,0,0,0,0,0,0,1,0,0,0,0
834,4,6,4611,1,2,4,4,32,1,0,0,0,0,1,0,1,0,0,0,0,0,0,0,0,0,0,1,0,0,0
835,2,24,11560,1,3,4,4,23,2,0,0,0,0,1,1,0,0,0,0,0,0,0,0,0,0,0,0,0,0,0
836,4,18,4165,1,3,3,2,36,2,0,0,1,0,0,0,0,0,0,0,0,0,1,0,0,0,1,0,0,0,0
837,2,24,4057,1,4,2,3,43,1,0,0,0,0,1,0,1,0,0,0,0,0,0,0,0,1,0,0,0,0,1
838,4,18,6458,1,5,3,4,39,2,0,1,0,0,0,0,0,0,0,1,0,0,0,0,0,0,1,0,1,0,1
839,4,12,1386,3,3,3,2,26,1,0,0,0,0,1,0,0,0,0,1,0,0,0,0,0,0,0,1,0,0,0
840,1,36,1977,5,5,1,4,40,1,0,0,0,0,1,0,0,0,0,0,0,1,0,0,0,0,1,0,1,0,1
841,2,18,1928,1,2,3,2,31,2,0,0,0,0,0,0,1,0,0,0,0,0,0,0,0,0,1,0,0,1,0
842,4,12,1123,3,3,1,4,29,1,0,0,0,0,1,0,1,0,0,0,0,0,0,0,0,0,0,0,0,0,0
843,2,24,11328,1,3,3,3,29,2,0,0,0,0,1,0,0,0,0,0,0,0,0,0,0,0,1,0,0,0,1
844,2,24,11938,1,3,3,3,39,2,0,0,0,0,0,0,0,0,0,0,0,0,0,0,0,0,1,0,0,0,1
845,2,27,2520,3,3,1,2,23,2,0,0,0,0,0,0,0,0,1,0,0,0,0,0,0,0,1,1,0,0,0
846,2,30,1919,2,2,1,3,30,2,0,0,0,1,0,0,0,0,1,0,0,0,0,0,0,0,1,0,1,0,0
847,2,60,14782,2,5,2,4,60,2,0,1,0,0,0,0,0,0,0,0,0,0,0,0,0,0,0,0,1,0,1
848,2,36,2671,2,3,1,4,50,1,0,0,0,0,1,0,0,0,1,0,0,0,0,0,0,0,0,0,1,0,0
849,2,36,12612,2,3,4,4,47,1,0,0,0,0,1,0,0,0,0,0,0,1,0,0,0,0,1,0,1,0,1
850,2,45,3031,2,3,1,4,21,1,0,0,0,0,1,0,0,0,1,0,0,0,0,0,0,0,1,1,0,0,0
851,1,12,626,1,3,1,4,24,1,0,1,0,0,0,0,0,0,1,0,0,0,0,0,0,0,0,0,0,1,0
852,2,24,1935,1,5,1,4,31,2,0,0,0,0,0,0,0,0,0,0,0,0,1,0,0,1,0,0,0,1,1
853,3,24,1344,5,4,1,2,37,2,0,0,0,0,0,0,0,0,0,1,0,0,0,0,0,0,1,0,0,1,0
854,4,18,1533,1,2,1,1,43,1,0,0,0,0,1,0,1,0,0,0,0,0,0,0,1,0,0,1,0,0,0
855,1,48,3931,1,4,1,4,46,1,0,0,0,0,1,0,0,0,0,1,0,0,0,0,0,0,1,0,1,0,0
856,1,24,3349,3,2,1,4,30,1,0,1,0,0,0,0,1,0,0,0,0,0,0,0,0,0,1,0,1,0,1
857,1,36,2302,1,3,1,4,31,1,0,0,0,0,1,0,0,0,1,0,0,0,0,0,0,1,0,0,0,0,0
858,1,42,3965,1,2,1,3,34,1,0,0,0,0,1,0,0,0,1,0,0,0,0,0,0,0,1,0,0,0,0
859,1,12,727,2,2,1,3,33,1,0,0,0,0,1,0,0,0,1,0,0,0,0,0,1,0,0,0,1,0,1
860,4,48,3914,5,3,1,2,38,1,0,0,0,0,1,0,0,0,0,0,0,0,1,0,0,1,0,0,0,1,0
861,1,48,4308,1,2,2,4,24,1,0,0,0,0,1,0,0,0,0,0,0,0,1,0,0,0,0,1,0,0,0
862,2,12,1534,1,2,4,1,23,1,0,0,0,0,1,0,0,0,1,0,0,0,0,0,1,0,0,0,0,1,0
863,4,18,2775,1,4,3,2,31,2,0,0,0,0,0,0,0,0,0,1,0,0,0,0,0,0,1,1,0,0,0
864,1,40,5998,1,3,1,3,27,1,0,0,0,0,0,0,0,0,0,0,0,1,0,0,0,0,1,0,1,0,1
865,3,15,1271,5,3,2,4,39,2,0,0,0,0,0,0,0,0,1,0,0,0,0,0,0,0,1,0,1,0,1
866,2,12,1295,1,2,2,1,25,1,0,0,0,0,1,0,0,0,0,1,0,0,0,0,0,0,0,0,0,0,0
867,2,36,9398,1,2,4,4,28,1,0,0,0,0,1,1,0,0,0,0,0,0,0,0,1,0,0,0,0,0,1
868,2,12,951,2,2,1,4,27,4,0,0,0,0,1,0,1,0,0,0,0,0,0,0,0,0,0,0,0,0,0
869,2,24,1355,1,2,2,4,25,1,0,0,0,0,1,0,0,0,0,1,0,0,0,0,0,0,0,0,0,0,1
870,1,48,3051,1,3,2,4,54,1,0,0,0,0,1,0,0,0,0,0,1,0,0,0,0,0,1,0,0,0,0
871,4,36,7855,1,3,1,2,25,2,0,0,0,0,0,0,0,0,0,1,0,0,0,0,0,0,0,0,0,1,1
872,4,18,433,1,1,2,4,22,1,0,0,0,0,1,0,0,0,1,0,0,0,0,0,0,0,0,0,0,1,0
873,4,36,9572,1,2,4,1,28,2,0,0,0,1,0,0,0,0,0,0,0,0,1,0,0,1,0,0,0,0,0
874,2,24,1837,1,4,1,4,34,1,0,1,0,0,0,0,0,0,0,0,0,1,0,0,0,0,0,0,1,0,0
875,2,30,4249,1,1,1,2,28,2,0,0,0,0,0,0,0,0,0,1,0,0,0,0,1,0,0,0,0,0,0
876,2,30,5234,1,1,1,2,28,2,0,0,0,0,0,0,0,0,0,1,0,0,0,0,1,0,0,0,0,0,0
877,1,48,6758,1,3,2,2,31,1,0,0,0,0,1,0,0,0,1,0,0,0,0,0,0,0,0,0,0,0,1
878,1,9,1366,1,2,2,4,22,1,0,0,0,0,1,0,0,0,1,0,0,0,0,0,0,0,0,1,0,0,0
879,1,24,1358,5,5,1,3,40,1,0,1,0,0,0,0,0,0,0,0,0,0,0,0,0,0,1,0,0,0,1
880,1,18,2473,1,1,1,1,25,1,0,0,0,0,1,0,1,0,0,0,0,0,0,0,0,0,1,0,0,0,0
881,3,9,1337,1,2,1,2,34,2,0,0,1,0,0,0,0,0,1,0,0,0,0,0,0,0,1,0,0,0,1
882,1,48,7763,1,5,1,4,42,1,0,0,0,0,1,0,0,0,0,1,0,0,0,0,0,0,1,0,1,0,0
883,2,15,1264,2,3,3,2,25,1,0,1,0,0,0,0,0,0,0,1,0,0,0,0,1,0,0,1,0,0,0
884,2,15,2631,2,3,3,4,28,2,0,0,0,0,1,0,0,0,0,1,0,0,0,0,0,0,0,0,0,0,1
885,2,48,6560,2,4,2,2,24,1,0,0,0,0,1,0,0,0,0,1,0,0,0,0,0,0,1,1,0,0,0
886,1,24,3123,1,2,1,1,27,1,0,0,0,0,1,0,0,0,0,1,0,0,0,0,0,0,0,1,0,0,0
887,1,36,8065,1,3,2,2,25,2,0,0,0,0,0,0,0,0,0,0,0,1,0,0,0,0,0,0,1,0,1
888,1,24,2439,1,2,1,4,35,1,0,0,0,0,1,0,0,0,1,0,0,0,0,0,0,0,0,0,0,1,1
889,2,36,9034,2,2,1,1,29,1,0,0,0,0,1,0,1,0,0,0,0,0,0,0,0,0,1,0,1,0,1
890,2,60,14027,1,4,1,2,27,1,0,0,0,0,1,0,0,0,0,1,0,0,0,0,0,0,1,0,1,0,1
891,1,36,9629,1,4,1,4,24,2,0,0,0,0,0,1,0,0,0,0,0,0,0,0,0,0,1,0,0,0,1
892,2,12,1484,5,3,3,1,25,1,0,0,0,0,1,0,0,0,1,0,0,0,0,0,1,0,0,0,0,1,1
893,1,18,1131,1,1,1,2,33,1,0,0,0,0,1,0,1,0,0,0,0,0,0,0,0,0,0,0,0,0,0
894,2,24,2064,1,1,2,2,34,1,0,0,0,1,0,0,1,0,0,0,0,0,0,0,0,0,0,1,0,0,1
895,2,18,12976,1,1,2,4,38,1,0,0,0,0,1,1,0,0,0,0,0,0,0,0,0,0,0,0,1,0,1
896,4,21,2580,3,2,1,2,41,1,0,0,0,1,0,0,0,0,0,0,0,0,1,0,0,0,1,0,0,1,0
897,4,27,2570,1,3,2,3,21,1,0,0,0,0,1,0,0,0,0,1,0,0,0,0,0,0,0,0,0,1,0
898,2,27,3915,1,3,1,2,36,1,0,0,0,0,1,0,0,0,0,0,0,0,1,0,0,0,1,0,0,0,1
899,4,10,1309,5,3,1,4,27,1,0,0,0,0,1,0,0,0,0,1,0,0,0,0,0,0,1,1,0,0,0
900,1,24,4817,1,4,3,3,31,1,0,0,0,0,1,0,0,0,0,1,0,0,0,0,0,0,1,1,0,0,1
901,1,12,2579,1,2,1,1,33,1,0,0,0,0,1,0,0,0,0,1,0,0,0,0,0,0,1,0,0,1,0
902,2,36,2225,1,5,1,4,57,2,0,0,0,1,0,0,0,0,0,1,0,0,0,0,0,0,1,0,1,0,1
903,1,18,4153,1,3,3,3,42,1,0,0,0,0,1,0,1,0,0,0,0,0,0,0,0,0,1,0,0,0,0
904,1,18,3114,1,2,4,4,26,1,0,0,1,0,0,0,1,0,0,0,0,0,0,0,0,0,0,1,0,0,0
905,1,18,2124,1,3,1,4,24,2,0,0,0,0,0,0,1,0,0,0,0,0,0,0,0,0,0,0,0,1,0
906,1,18,1553,1,3,1,3,44,1,0,1,0,0,0,0,1,0,0,0,0,0,0,0,0,0,1,0,0,0,0
907,1,30,2406,1,4,1,4,23,1,0,0,0,0,1,0,1,0,0,0,0,0,0,0,0,0,0,0,0,1,0
908,1,24,1333,1,1,1,2,43,2,0,0,0,1,0,0,0,0,0,1,0,0,0,0,0,0,1,0,0,1,0
909,1,48,7119,1,3,2,4,53,2,0,0,1,0,0,0,1,0,0,0,0,0,0,0,0,0,1,0,1,0,0
910,1,24,4870,1,3,2,4,53,2,0,0,0,1,0,0,0,0,0,1,0,0,0,0,0,0,1,0,1,0,0
911,1,12,691,1,5,1,3,35,2,0,0,0,0,0,0,0,0,0,1,0,0,0,0,0,0,1,1,0,0,0
912,1,42,4370,1,4,2,2,26,2,0,0,0,1,0,0,0,0,1,0,0,0,0,0,0,0,1,1,0,0,1
913,1,36,2746,1,5,1,4,31,1,0,1,0,0,0,0,1,0,0,0,0,0,0,0,0,0,1,0,0,0,0
914,1,24,4110,1,5,2,4,23,2,0,0,1,0,0,0,1,0,0,0,0,0,0,0,0,0,1,0,1,0,0
915,1,18,2462,1,3,3,2,22,1,0,0,0,0,1,0,1,0,0,0,0,0,0,0,0,0,1,0,0,0,0
916,1,12,1282,1,3,3,4,20,1,0,0,0,0,1,0,1,0,0,0,0,0,0,0,0,0,0,0,0,0,0
917,2,12,2969,1,2,1,3,25,2,0,0,1,0,0,0,1,0,0,0,0,0,0,0,0,0,0,1,0,0,0
918,1,48,4605,1,5,2,4,24,2,0,0,1,0,0,1,0,0,0,0,0,0,0,0,0,0,1,0,1,0,0
919,1,48,6331,1,5,1,4,46,2,0,0,0,0,0,1,0,0,0,0,0,0,0,0,0,0,1,0,1,0,1
920,1,24,3552,1,4,2,4,27,1,0,1,0,0,0,0,1,0,0,0,0,0,0,0,0,0,1,0,0,0,0
921,1,12,697,1,2,1,2,46,2,0,1,0,0,0,0,0,0,0,1,0,0,0,0,0,0,1,0,0,0,1
922,1,24,1442,1,4,1,4,23,2,0,0,0,0,1,0,0,0,0,1,0,0,0,0,0,0,0,0,0,0,0
923,1,27,5293,1,1,3,4,50,2,0,0,1,0,0,0,0,0,0,0,0,0,1,0,0,0,1,1,0,0,1
924,1,21,3414,1,2,3,1,26,2,0,0,0,1,0,0,0,0,0,0,0,1,0,0,0,0,1,1,0,0,0
925,1,18,2039,1,3,4,4,20,1,0,0,0,0,1,0,1,0,0,0,0,0,0,0,0,0,0,0,0,1,0
926,1,24,3161,1,3,1,2,31,1,0,1,0,0,0,0,0,0,0,0,0,0,1,0,0,0,1,1,0,0,1
927,1,12,902,1,4,1,4,21,1,0,0,0,0,1,0,0,0,0,0,0,0,0,1,1,0,0,1,0,0,0
928,1,48,10297,1,4,1,4,39,3,0,0,0,0,1,1,0,0,0,0,0,0,0,0,0,0,1,0,1,0,1
929,2,48,14421,1,3,3,2,25,1,0,0,1,0,0,0,0,0,0,0,0,0,1,0,0,0,1,0,0,0,1
930,2,18,1056,1,5,2,3,30,2,0,0,0,0,0,0,0,0,0,1,0,0,0,0,0,0,1,0,0,1,0
931,1,12,1274,1,2,2,1,37,1,0,0,0,0,1,0,0,0,0,1,0,0,0,0,0,0,0,0,0,1,0
932,2,12,1223,1,5,4,1,46,2,0,0,0,0,1,0,0,0,0,1,0,0,0,0,0,1,0,0,0,1,0
933,1,12,1372,1,4,3,3,36,1,0,0,0,0,1,0,0,0,0,1,0,0,0,0,0,1,0,0,0,0,0
934,1,16,2625,1,5,3,4,43,1,0,0,0,0,0,0,0,0,0,1,0,0,0,0,0,0,1,1,0,0,1
935,1,20,2235,1,3,1,2,33,2,0,0,0,0,0,0,0,0,0,1,0,0,0,0,1,0,0,1,0,0,0
936,2,9,959,1,3,4,2,29,1,0,0,0,0,1,0,1,0,0,0,0,0,0,0,0,0,0,0,0,0,0
937,2,18,884,1,5,1,4,36,1,0,0,0,0,0,0,0,0,0,1,0,0,0,0,0,0,1,0,0,0,1
938,2,24,1246,1,2,1,2,23,1,0,0,0,0,1,0,0,0,0,1,0,0,0,0,0,0,1,0,0,1,0
939,2,36,8086,2,5,3,4,42,4,0,0,0,1,0,0,0,0,0,1,0,0,0,0,0,0,1,0,0,0,1
940,4,48,10127,3,3,3,2,44,1,0,0,0,0,0,0,0,0,0,1,0,0,0,0,0,0,1,0,1,0,0
941,2,12,888,1,5,1,4,41,1,0,0,0,0,1,0,0,0,0,1,0,0,0,0,0,0,1,0,0,0,0
942,4,12,719,1,5,1,4,41,1,0,0,0,0,1,0,0,0,0,0,0,1,0,0,0,0,1,0,0,0,0
943,2,36,12389,5,3,4,4,37,1,0,0,0,0,1,0,0,0,0,1,0,0,0,0,0,0,1,0,1,0,1
944,1,12,709,1,5,1,4,57,1,0,0,0,0,1,0,0,0,1,0,0,0,0,0,0,0,1,0,0,1,0
945,2,15,6850,2,1,4,2,34,1,0,1,0,0,0,0,0,0,0,1,0,0,0,0,0,0,1,1,0,0,1
946,4,10,2210,1,3,3,2,25,1,0,0,0,0,1,0,1,0,0,0,0,0,0,0,0,0,1,0,0,1,0
947,4,30,7485,5,1,1,1,53,1,0,1,0,0,0,1,0,0,0,0,0,0,0,0,0,0,0,0,0,1,1
948,1,18,1442,1,4,1,4,32,2,0,1,0,0,0,0,0,0,0,1,0,0,0,0,0,0,1,0,1,0,0
949,4,12,797,5,5,1,3,33,1,0,0,0,0,0,0,0,0,1,0,0,0,0,0,0,0,0,1,0,0,0
950,2,45,4746,1,2,1,2,24,2,0,0,0,0,0,0,0,0,1,0,0,0,0,0,0,0,1,1,0,0,0
951,3,12,939,3,4,1,2,28,3,0,0,0,0,0,0,0,0,0,1,0,0,0,0,1,0,0,0,0,1,1
952,2,21,1188,1,5,3,4,39,1,0,0,0,0,1,0,0,0,0,0,0,0,1,0,0,0,0,1,0,0,0
953,4,48,11590,2,3,3,4,24,2,0,0,0,0,0,1,0,0,0,0,0,0,0,0,0,0,0,0,0,0,0
954,3,12,609,1,2,1,1,26,1,0,1,0,0,0,0,0,0,0,0,0,0,1,0,0,0,0,0,0,1,0
955,1,18,1190,1,1,3,4,55,3,0,0,0,0,0,0,0,1,0,0,0,0,0,0,0,0,0,0,1,0,0
956,2,21,2767,2,5,1,2,61,2,0,0,0,0,1,0,0,0,0,0,0,0,1,0,0,1,0,0,0,0,0
957,2,30,3441,2,3,3,4,21,1,0,0,0,0,1,0,1,0,0,0,0,0,0,0,0,0,0,0,0,0,0
958,2,30,4280,2,3,1,4,26,2,0,0,1,0,0,0,0,0,0,0,0,0,1,0,0,0,0,0,0,0,0
959,2,24,3092,2,2,2,2,22,1,0,0,0,0,1,0,0,0,1,0,0,0,0,0,1,0,0,0,0,0,1
960,4,18,6761,5,3,3,4,68,2,0,0,0,0,1,0,0,0,0,1,0,0,0,0,0,0,1,0,0,0,0
961,2,12,1331,1,2,3,1,22,1,0,0,0,0,1,0,0,0,1,0,0,0,0,0,0,0,1,0,0,0,0
962,2,54,15945,1,2,2,4,58,1,0,0,1,0,0,0,0,0,0,0,0,0,1,0,0,0,1,0,1,0,1
963,1,24,3234,1,2,1,4,23,1,0,0,0,0,1,0,1,0,0,0,0,0,0,0,0,0,0,0,0,1,1
964,2,15,802,1,5,1,3,37,1,0,0,0,0,1,0,0,0,1,0,0,0,0,0,0,0,1,0,0,0,0
965,2,48,9960,1,2,4,2,26,1,0,0,0,0,1,0,1,0,0,0,0,0,0,0,0,0,0,0,0,0,1
966,4,24,8648,1,2,3,2,27,2,0,0,0,1,0,0,0,0,0,0,0,0,1,0,0,0,1,0,0,0,1
967,1,18,1345,1,3,1,3,26,1,0,0,0,0,1,0,0,0,1,0,0,0,0,0,1,0,0,0,0,1,0
968,1,45,1845,1,3,1,4,23,1,0,0,0,0,1,0,0,0,1,0,0,0,0,0,0,0,1,0,1,0,1
969,1,21,1647,5,3,1,2,40,2,0,1,0,0,0,0,0,0,0,1,0,0,0,0,0,0,1,1,0,0,0
970,4,48,4844,1,1,2,2,33,1,0,0,0,0,1,0,0,0,0,0,0,0,1,0,0,0,1,0,0,0,1
971,2,27,8318,1,5,3,4,42,2,0,0,1,0,0,0,0,0,0,0,0,0,1,0,0,0,0,0,1,0,1
972,3,18,2100,1,3,1,2,37,1,0,0,0,0,1,0,0,0,1,0,0,0,0,0,0,0,1,0,0,1,0
973,1,45,11816,1,5,3,4,29,2,0,0,1,0,0,0,0,0,0,0,0,0,1,0,0,0,1,0,0,0,0
974,1,6,448,1,2,1,4,23,1,0,0,0,0,1,0,0,0,0,0,0,1,0,0,0,0,0,1,0,0,0
975,1,30,11998,1,2,4,1,34,1,0,0,0,0,1,0,0,1,0,0,0,0,0,0,0,1,0,0,1,0,1
976,2,48,18424,1,3,4,2,32,1,0,0,1,0,0,0,0,0,0,0,0,0,0,0,0,0,0,1,0,0,1
977,1,6,14896,1,5,4,4,68,1,0,0,0,0,1,0,0,0,0,1,0,0,0,0,0,0,1,0,1,0,1
978,2,12,2762,5,5,4,2,25,1,0,0,0,0,1,0,1,0,0,0,0,0,0,0,0,0,0,1,0,0,1
979,1,12,3386,1,5,2,4,35,1,0,0,0,0,1,1,0,0,0,0,0,0,0,0,0,0,1,0,1,0,1
980,2,24,2039,1,2,4,1,22,1,0,0,0,0,1,0,0,0,1,0,0,0,0,0,1,0,0,1,0,0,1
981,4,18,2169,1,3,1,2,28,1,0,0,0,1,0,0,0,0,0,0,0,0,1,0,1,0,0,0,0,0,1
982,2,48,5096,1,3,3,3,30,1,0,0,0,0,0,0,1,0,0,0,0,0,0,0,0,0,0,0,0,0,1
983,1,18,1882,1,3,1,4,25,2,0,0,0,0,1,0,0,0,1,0,0,0,0,0,0,0,0,0,0,0,0
984,1,48,6999,1,4,4,1,34,2,0,0,0,0,1,0,0,0,1,0,0,0,0,0,1,0,0,0,0,1,1
985,4,12,2292,1,1,1,2,42,2,0,0,0,0,0,0,0,0,0,0,0,0,1,0,0,0,1,0,0,0,1
986,1,14,8978,1,5,4,4,45,1,0,0,0,0,1,0,0,0,0,1,0,0,0,0,0,1,0,1,0,0,1
987,1,12,674,2,4,1,1,20,1,0,0,0,0,1,0,0,0,1,0,0,0,0,0,1,0,0,1,0,0,0
988,1,18,976,1,2,4,2,23,1,0,0,0,0,1,0,0,0,0,1,0,0,0,0,0,0,0,0,0,0,0
989,2,24,2718,1,3,2,4,20,1,0,0,0,0,1,0,0,0,0,1,0,0,0,0,0,0,0,1,0,0,1
990,1,18,750,1,1,1,1,27,1,0,0,0,0,1,0,0,0,0,0,0,1,0,0,0,0,0,0,0,1,0
991,2,24,12579,1,5,1,2,44,1,0,0,0,0,1,1,0,0,0,0,0,0,0,0,0,0,0,0,1,0,1
992,1,18,7511,5,5,4,4,51,1,0,0,0,0,1,1,0,0,0,0,0,0,0,0,0,0,1,1,0,0,1
993,1,18,3966,1,5,4,4,33,3,0,0,0,0,0,0,0,0,0,1,0,0,0,0,0,0,0,0,0,1,1
994,1,12,6199,1,3,1,2,28,2,0,0,1,0,0,0,0,0,1,0,0,0,0,0,0,0,1,1,0,0,1
995,1,24,1987,1,3,3,4,21,1,0,0,0,0,1,0,0,0,1,0,0,0,0,0,0,0,1,0,0,1,0
996,1,24,2303,1,5,1,1,45,1,0,0,0,0,1,0,0,0,0,1,0,0,0,0,0,0,1,0,0,1,0
997,4,21,12680,5,5,1,4,30,1,0,0,0,0,0,0,0,0,0,1,0,0,0,0,0,0,1,0,1,0,1
998,2,12,6468,5,1,3,1,52,1,0,0,0,0,1,0,0,0,1,0,0,0,0,0,0,0,1,0,1,0,1
999,1,30,6350,5,5,1,4,31,1,0,0,0,0,1,0,1,0,0,0,0,0,0,0,0,0,1,1,0,0,0
